-108, 793, -62
-108, 793, -62
-398, 936, -54
-398, 936, -54
-398, 936, -65
-556, 983, -65
-556, 983, -65
-412, 914, -67
-412, 914, -67
-412, 914, -72
-212, 847, -72
-212, 847, -72
-163, 864, -64
-163, 864, -64
-163, 864, -64
-271, 902, -59
-271, 902, -59
-271, 852, -69
-383, 852, -69
-383, 852, -69
-366, 808, -73
-366, 808, -73
-366, 764, -77
-155, 764, -77
-155, 764, -77
98, 665, -72
98, 665, -72
98, 665, -84
218, 597, -84
218, 597, -84
217, 587, -87
217, 587, -87
217, 587, -71
189, 651, -71
189, 651, -71
239, 769, -75
239, 769, -75
239, 769, -75
431, 812, -76
431, 812, -76
431, 771, -92
619, 771, -92
619, 771, -92
631, 814, -114
631, 814, -114
631, 814, -99
451, 943, -99
451, 943, -99
156, 1085, -75
156, 1085, -75
156, 1085, -54
-132, 1091, -54
-132, 1091, -54
-269, 1007, -36
-269, 1007, -36
-269, 1007, -52
-193, 901, -52
-193, 901, -52
127, 781, -77
127, 781, -77
127, 781, -89
546, 608, -89
546, 608, -89
925, 499, -94
925, 499, -94
925, 499, -94
1107, 446, -103
1107, 446, -103
1107, 421, -101
1111, 421, -101
1111, 421, -101
989, 407, -102
989, 407, -102
989, 382, -97
874, 382, -97
874, 382, -97
759, 374, -92
759, 374, -92
759, 376, -86
536, 376, -86
536, 376, -86
238, 389, -75
238, 389, -75
238, 389, -65
30, 409, -65
30, 409, -65
-65, 442, -66
-65, 442, -66
-65, 442, -66
-131, 461, -67
-131, 461, -67
-131, 465, -71
-262, 465, -71
-262, 465, -71
-393, 425, -69
-393, 425, -69
-393, 377, -46
-551, 377, -46
-551, 377, -46
-670, 356, -33
-670, 356, -33
-670, 356, -46
-737, 324, -46
-737, 324, -46
-746, 206, -50
-746, 206, -50
-746, 206, -53
-722, 40, -53
-722, 40, -53
-669, -66, -60
-669, -66, -60
-669, -66, -60
-576, -106, -77
-576, -106, -77
-481, -145, -69
-481, -145, -69
-481, -145, -69
-477, -120, -69
-477, -120, -69
-574, -30, -66
-574, -30, -66
-574, -30, -66
-745, 119, -53
-745, 119, -53
-745, 230, -36
-938, 230, -36
-938, 230, -36
-1080, 250, -26
-1080, 250, -26
-1080, 180, -34
-1119, 180, -34
-1119, 180, -34
-1033, 105, -35
-1033, 105, -35
-906, 62, -35
-906, 62, -35
-906, 62, -35
-790, 47, -24
-790, 47, -24
-790, 82, -27
-747, 82, -27
-747, 82, -27
-814, 178, -32
-814, 178, -32
-814, 178, -44
-943, 316, -44
-943, 316, -44
-988, 418, -69
-988, 418, -69
-988, 418, -63
-1037, 475, -63
-1037, 475, -63
-1074, 559, -63
-1074, 559, -63
-1074, 559, -69
-1065, 595, -69
-1065, 595, -69
-998, 624, -76
-998, 624, -76
-998, 624, -69
-920, 661, -69
-920, 661, -69
-809, 706, -58
-809, 706, -58
-809, 706, -48
-621, 730, -48
-621, 730, -48
-329, 702, -43
-329, 702, -43
-329, 702, -87
-35, 608, -87
-35, 608, -87
227, 511, -135
227, 511, -135
227, 511, -135
399, 440, -173
399, 440, -173
399, 431, -218
481, 431, -218
481, 431, -218
484, 454, -251
484, 454, -251
484, 495, -260
467, 495, -260
467, 495, -260
447, 567, -300
447, 567, -300
447, 630, -342
453, 630, -342
453, 630, -342
490, 686, -363
490, 686, -363
490, 746, -350
610, 746, -350
610, 746, -350
838, 792, -338
838, 792, -338
838, 792, -319
1139, 834, -319
1139, 834, -319
1406, 879, -322
1406, 879, -322
1406, 879, -290
1601, 919, -290
1601, 919, -290
1756, 987, -220
1756, 987, -220
1756, 1095, -130
1793, 1095, -130
1793, 1095, -130
1433, 1258, -62
1433, 1258, -62
1433, 1440, 44
601, 1440, 44
601, 1440, 44
227, 1592, 136
227, 1592, 136
227, 1632, 131
540, 1632, 131
540, 1632, 131
474, 1564, 16
474, 1564, 16
474, 1496, -121
-106, 1496, -121
-106, 1496, -121
-406, 1472, -300
-406, 1472, -300
-236, 1477, -482
-236, 1477, -482
-236, 1477, -626
59, 1500, -626
59, 1500, -626
-340, 1558, -372
-340, 1558, -372
-340, 1558, -175
-1098, 1687, -175
-1098, 1687, -175
-1412, 1797, -146
-1412, 1797, -146
-1244, 1798, -125
-1244, 1798, -125
-1244, 1798, -114
-700, 1671, -114
-700, 1671, -114
-227, 1479, -81
-227, 1479, -81
-227, 1365, -59
48, 1365, -59
48, 1365, -59
21, 1329, -55
21, 1329, -55
21, 1397, -78
-283, 1397, -78
-283, 1397, -78
-575, 1473, -108
-575, 1473, -108
-575, 1565, -120
-826, 1565, -120
-826, 1565, -120
-1025, 1620, -119
-1025, 1620, -119
-1189, 1629, -121
-1189, 1629, -121
-1189, 1569, -109
-1158, 1569, -109
-1158, 1569, -109
-910, 1487, -94
-910, 1487, -94
-503, 1427, -62
-503, 1427, -62
-503, 1427, -62
-95, 1362, -40
-95, 1362, -40
-95, 1347, -24
130, 1347, -24
130, 1347, -24
179, 1337, -6
179, 1337, -6
179, 1363, -13
100, 1363, -13
100, 1363, -13
150, 1371, -9
150, 1371, -9
150, 1375, -5
317, 1375, -5
317, 1375, -5
372, 1385, 0
372, 1385, 0
372, 1385, -5
275, 1436, -5
275, 1436, -5
28, 1534, -23
28, 1534, -23
28, 1534, -23
-172, 1584, -34
-172, 1584, -34
-254, 1612, -54
-254, 1612, -54
-254, 1612, -54
-427, 1650, -57
-427, 1650, -57
-611, 1698, -57
-611, 1698, -57
-611, 1698, -53
-460, 1686, -53
-460, 1686, -53
-208, 1642, -34
-208, 1642, -34
-208, 1642, -34
16, 1634, -34
16, 1634, -34
30, 1664, -33
30, 1664, -33
30, 1664, -37
-22, 1715, -37
-22, 1715, -37
-246, 1801, -46
-246, 1801, -46
-246, 1801, -49
-423, 1881, -49
-423, 1881, -49
-414, 1940, -48
-414, 1940, -48
-414, 1940, -40
-381, 1966, -40
-381, 1966, -40
-205, 1964, -33
-205, 1964, -33
-205, 1964, -31
-62, 1954, -31
-62, 1954, -31
12, 1949, -24
12, 1949, -24
12, 1949, -28
74, 1915, -28
74, 1915, -28
69, 1897, -23
69, 1897, -23
69, 1897, -25
-70, 1918, -25
-70, 1918, -25
-347, 1978, -36
-347, 1978, -36
-347, 1978, -43
-553, 2019, -43
-553, 2019, -43
-503, 2029, -33
-503, 2029, -33
-503, 2029, -40
-222, 2015, -40
-222, 2015, -40
-160, 2063, -34
-160, 2063, -34
-160, 2063, -51
-349, 2142, -51
-349, 2142, -51
-410, 2220, -64
-410, 2220, -64
-410, 2220, -67
-299, 2271, -67
-299, 2271, -67
-149, 2312, -56
-149, 2312, -56
-149, 2312, -49
-159, 2340, -49
-159, 2340, -49
-302, 2355, -48
-302, 2355, -48
-302, 2355, -49
-388, 2336, -49
-388, 2336, -49
-398, 2321, -52
-398, 2321, -52
-398, 2308, -39
-321, 2308, -39
-321, 2308, -39
-224, 2282, -24
-224, 2282, -24
-224, 2261, -16
-126, 2261, -16
-126, 2261, -16
3, 2276, -22
3, 2276, -22
3, 2276, -27
5, 2287, -27
5, 2287, -27
-236, 2323, -39
-236, 2323, -39
-236, 2323, -44
-684, 2351, -44
-684, 2351, -44
-1044, 2360, -53
-1044, 2360, -53
-1044, 2360, -44
-1253, 2356, -44
-1253, 2356, -44
-1274, 2382, -31
-1274, 2382, -31
-1274, 2448, -15
-1029, 2448, -15
-1029, 2448, -15
-678, 2520, -14
-678, 2520, -14
-291, 2548, -10
-291, 2548, -10
-291, 2548, -10
29, 2534, -4
29, 2534, -4
29, 2534, -16
97, 2534, -16
97, 2534, -16
-166, 2615, -46
-166, 2615, -46
-166, 2697, -43
-440, 2697, -43
-440, 2697, -43
-475, 2761, -39
-475, 2761, -39
-391, 2825, -42
-391, 2825, -42
-391, 2825, -42
-337, 2879, -38
-337, 2879, -38
-394, 2954, -34
-394, 2954, -34
-394, 2954, -36
-545, 3023, -36
-545, 3023, -36
-544, 3043, -20
-544, 3043, -20
-544, 3043, -10
-430, 3040, -10
-430, 3040, -10
-354, 3019, -2
-354, 3019, -2
-354, 3019, -22
-229, 2962, -22
-229, 2962, -22
-359, 2928, -37
-359, 2928, -37
-359, 2928, -43
-1181, 2989, -43
-1181, 2989, -43
-2332, 3118, -60
-2332, 3118, -60
-2332, 3217, -79
-2664, 3217, -79
-2664, 3217, -79
-2286, 3229, -95
-2286, 3229, -95
-1769, 3211, -82
-1769, 3211, -82
-1769, 3211, -85
-1268, 3197, -85
-1268, 3197, -85
-838, 3247, -52
-838, 3247, -52
-838, 3247, -17
-630, 3343, -17
-630, 3343, -17
-746, 3419, 4
-746, 3419, 4
-746, 3419, 30
-1153, 3480, 30
-1153, 3480, 30
-1657, 3513, 56
-1657, 3513, 56
-1657, 3558, 66
-1971, 3558, 66
-1971, 3558, 66
-1579, 3565, 72
-1579, 3565, 72
-800, 3465, 69
-800, 3465, 69
-800, 3465, 43
203, 3249, 43
203, 3249, 43
1029, 3043, 23
1029, 3043, 23
1029, 3043, 61
1070, 2884, 61
1070, 2884, 61
432, 2828, 225
432, 2828, 225
432, 2828, 412
56, 2819, 412
56, 2819, 412
-718, 2819, 593
-718, 2819, 593
-718, 2819, 731
-1220, 2846, 731
-1220, 2846, 731
-909, 2882, 833
-909, 2882, 833
-909, 2909, 757
-637, 2909, 757
-637, 2909, 757
-284, 2990, 557
-284, 2990, 557
-284, 3182, 361
-5532, -75
-1134, 2700, -75
-1134, 2700, -75
-1890, 2784, -58
-1890, 2784, -58
-1890, 2796, -67
-2120, 2796, -67
-2120, 2796, -67
-1715, 2823, -66
-1715, 2823, -66
-1613, 2934, -62
-1613, 2934, -62
-1613, 2934, -66
-1753, 3120, -66
-1753, 3120, -66
-1464, 3196, -80
-1464, 3196, -80
-1464, 3063, -39
-973, 3063, -39
-973, 3063, -39
-529, 2901, -28
-529, 2901, -28
-529, 2927, -19
-652, 2927, -19
-652, 2927, -19
-960, 3103, -20
-960, 3103, -20
-960, 3299, 56
-1555, 3299, 56
-1555, 3299, 56
-1660, 3320, 35
-1660, 3320, 35
-1264, 3170, -5
-1264, 3170, -5
-1264, 3170, -31
-569, 2997, -31
-569, 2997, -31
149, 2856, -18
149, 2856, -18
149, 2856, -17
515, 2770, -17
515, 2770, -17
21, 2833, -17
21, 2833, -17
21, 2833, 0
-357, 2914, 0
-357, 2914, 0
-357, 2855, -32
-409, 2855, -32
-409, 2855, -32
-921, 2745, -50
-921, 2745, -50
-925, 2667, -34
-925, 2667, -34
-925, 2667, -34
131, 2518, 9
131, 2518, 9
131, 2409, 25
652, 2409, 25
652, 2409, 25
822, 2491, 28
822, 2491, 28
822, 2622, 9
315, 2622, 9
315, 2622, 9
-306, 2786, 6
-306, 2786, 6
-306, 2786, -17
-1494, 3041, -17
-1494, 3041, -17
-2241, 3273, -42
-2241, 3273, -42
-2241, 3246, -69
-1821, 3246, -69
-1821, 3246, -69
-265, 3028, -49
-265, 3028, -49
430, 2850, -66
430, 2850, -66
430, 2850, -66
271, 2919, -109
271, 2919, -109
271, 3110, -129
-334, 3110, -129
-334, 3110, -120
-1064, 3232, -120
-1064, 3232, -120
-1337, 3209, -80
-1337, 3209, -80
-1337, 3083, -33
-1196, 3083, -33
-1196, 3083, -33
-514, 2867, -7
-514, 2867, -7
-514, 2692, -5
-30, 2692, -5
-30, 2692, -5
-149, 2679, -22
-149, 2679, -22
-149, 2763, -24
-262, 2763, -24
-262, 2763, -24
-359, 2842, -19
-359, 2842, -19
-359, 2897, -30
-255, 2897, -30
-255, 2897, -30
-162, 2935, -58
-162, 2935, -58
-162, 2987, -71
-62, 2987, -71
-62, 2987, -71
223, 3009, -91
223, 3009, -91
223, 3036, -108
417, 3036, -108
417, 3036, -108
812, 3152, -45
812, 3152, -45
812, 3193, -17
1103, 3193, -17
1103, 3193, -17
760, 3092, -75
760, 3092, -75
760, 3049, -105
382, 3049, -105
382, 3049, -105
4, 3071, -118
4, 3071, -118
4, 3125, -79
-209, 3125, -79
-209, 3125, -79
-364, 3173, -37
-364, 3173, -37
-364, 3213, 14
-550, 3213, 14
-550, 3213, 14
-713, 3210, 32
-713, 3210, 32
-713, 3146, 56
-584, 3146, 56
-584, 3146, 56
-585, 3042, 41
-585, 3042, 41
-585, 2980, 30
-620, 2980, 30
-620, 2980, 30
-710, 2949, 33
-710, 2949, 33
-710, 2928, -11
-895, 2928, -11
-895, 2928, -11
-460, 2894, -8
-460, 2894, -8
-460, 2918, -5
303, 2918, -5
303, 2918, -5
584, 2935, -87
584, 2935, -87
584, 3001, -110
436, 3001, -110
436, 3001, -110
83, 3076, -82
83, 3076, -82
83, 3108, -17
-130, 3108, -17
-130, 3108, -17
-164, 3126, 57
-164, 3126, 57
-164, 3134, 68
-101, 3134, 68
-101, 3134, 68
149, 3162, 92
149, 3162, 92
149, 3162, 55
254, 3174, 55
254, 3174, 55
29, 3098, -48
29, 3098, -48
29, 3098, -124
-140, 3044, -124
-140, 3044, -124
-64, 3038, -140
-64, 3038, -140
-64, 3038, -144
-62, 2996, -144
-62, 2996, -144
2, 2921, -120
2, 2921, -120
2, 2921, -96
34, 2836, -96
34, 2836, -96
115, 2767, -45
115, 2767, -45
115, 2767, -14
468, 2655, -14
468, 2655, -14
488, 2595, 3
488, 2595, 3
488, 2595, 3
505, 2636, 4
505, 2636, 4
505, 2661, 12
538, 2661, 12
538, 2661, 12
442, 2671, 15
442, 2671, 15
442, 2717, 14
238, 2717, 14
238, 2717, 14
-51, 2780, -3
-51, 2780, -3
-51, 2780, -23
-79, 2767, -23
-79, 2767, -23
-117, 2718, -14
-117, 2718, -14
-117, 2718, -33
-98, 2699, -33
-98, 2699, -33
-185, 2699, -44
-185, 2699, -44
-185, 2699, -42
-440, 2729, -42
-440, 2729, -42
-553, 2711, -35
-553, 2711, -35
-553, 2711, -28
-667, 2619, -28
-667, 2619, -28
-725, 2518, -24
-725, 2518, -24
-725, 2518, -2
-609, 2408, -2
-609, 2408, -2
-371, 2314, 32
-371, 2314, 32
-371, 2314, 54
-171, 2273, 54
-171, 2273, 54
-22, 2249, 63
-22, 2249, 63
-22, 2249, 53
0
967, 3801, -73
853, 3801, -73
853, 3801, -73
473, 3890, -85
473, 3890, -85
473, 3999, -78
258, 3999, -78
258, 3999, -78
213, 4143, -80
213, 4143, -80
213, 4054, -43
-522, 4054, -43
-522, 4054, -43
-600, 3806, -5
-600, 3806, -5
-600, 3749, 6
50, 3749, 6
50, 3749, 6
306, 3736, -2
306, 3736, -2
306, 3736, 2
204, 3656, 2
204, 3656, 2
-99, 3621, -9
-99, 3621, -9
-99, 3621, -9
-356, 3609, -26
-356, 3609, -26
-356, 3681, -57
-733, 3681, -57
-733, 3681, -57
-832, 3721, -51
-832, 3721, -51
-832, 3704, -20
-661, 3704, -20
-661, 3704, -20
27, 3584, 17
27, 3584, 17
27, 3481, 37
507, 3481, 37
507, 3481, 37
874, 3391, 40
874, 3391, 40
874, 3353, 29
574, 3353, 29
574, 3353, 29
106, 3368, -7
106, 3368, -7
106, 3368, -40
-384, 3447, -40
-384, 3447, -40
-378, 3471, -28
-378, 3471, -28
-378, 3471, -27
-391, 3499, -27
-391, 3499, -27
-360, 3510, -30
-360, 3510, -30
-360, 3496, -44
-410, 3496, -44
-410, 3496, -44
-659, 3496, -27
-659, 3496, -27
-659, 3424, -1
-689, 3424, -1
-689, 3424, -1
-567, 3338, -11
-567, 3338, -11
-567, 3349, -10
-544, 3349, -10
-544, 3349, -10
-396, 3315, -1
-396, 3315, -1
-396, 3240, 22
-38, 3240, 22
-38, 3240, 22
-141, 3231, -2
-141, 3231, -2
-141, 3287, -16
-9, 3287, -16
-9, 3287, -16
637, 3359, 11
637, 3359, 11
637, 3359, 12
661, 3492, 12
661, 3492, 12
-140, 3570, 1
-140, 3570, 1
-140, 3570, -5
-592, 3601, -5
-592, 3601, -5
-486, 3667, 16
-486, 3667, 16
-486, 3667, 13
-575, 3733, 13
-575, 3733, 13
-373, 3739, 14
-373, 3739, 14
-373, 3739, 49
-901, 3785, 49
-901, 3785, 49
-2282, 3896, 5
-2282, 3896, 5
-2282, 3896, 33
-1257, 3788, 33
-1257, 3788, 33
67, 3614, 52
67, 3614, 52
67, 3614, 46
256, 3566, 46
256, 3566, 46
-342, 3614, 9
-342, 3614, 9
-342, 3614, 9
-790, 3653, -6
-790, 3653, -6
-790, 3526, -28
-6, 3526, -28
-6, 3526, -28
315, 3453, -34
315, 3453, -34
315, 3456, -64
-153, 3456, -64
-153, 3456, -64
-546, 3510, -53
-546, 3510, -53
-546, 3511, -3
-610, 3511, -3
-610, 3511, -3
-569, 3495, -10
-569, 3495, -10
-569, 3525, 5
-571, 3525, 5
-571, 3525, 5
-678, 3589, -6
-678, 3589, -6
-678, 3532, 17
179, 3532, 17
179, 3532, 17
814, 3473, 36
814, 3473, 36
814, 3473, 76
1006, 3420, 76
1006, 3420, 76
719, 3420, 23
719, 3420, 23
719, 3420, 9
510, 3400, 9
510, 3400, 9
77, 3390, -5
77, 3390, -5
77, 3390, -5
-534, 3431, -27
-534, 3431, -27
-534, 3458, 3
-408, 3458, 3
-408, 3458, 3
-658, 3443, -2
-658, 3443, -2
-658, 3461, -19
-476, 3461, -19
-476, 3461, -19
-273, 3448, -65
-273, 3448, -65
-273, 3434, -64
12, 3434, -64
12, 3434, -64
460, 3383, -18
460, 3383, -18
460, 3386, 3
338, 3386, 3
338, 3386, 3
-106, 3439, 24
-106, 3439, 24
-106, 3434, 22
-418, 3434, 22
-418, 3434, 22
-824, 3445, 32
-824, 3445, 32
-824, 3455, 3
-973, 3455, 3
-973, 3455, 3
-695, 3413, -3
-695, 3413, -3
-695, 3413, -21
-461, 3385, -21
-461, 3385, -21
-429, 3391, -33
-429, 3391, -33
-429, 3391, -25
-256, 3391, -25
-256, 3391, -25
-17, 3339, -13
-17, 3339, -13
-17, 3286, 7
345, 3286, 7
345, 3286, 7
537, 3277, 41
537, 3277, 41
537, 3277, 20
298, 3284, 20
298, 3284, 20
-150, 3348, 3
-150, 3348, 3
-150, 3348, 3
-254, 3336, 8
-254, 3336, 8
-254, 3315, 7
-202, 3315, 7
-202, 3315, 7
-109, 3328, -6
-109, 3328, -6
-109, 3384, -10
-245, 3384, -10
-245, 3384, -10
-265, 3428, -22
-265, 3428, -22
-265, 3445, 17
-62, 3445, 17
-62, 3445, 17
562, 3399, 65
562, 3399, 65
562, 3408, 77
972, 3408, 77
972, 3408, 77
392, 3419, 40
392, 3419, 40
392, 3419, -1
-226, 3394, -1
-226, 3394, -1
-109, 3441, -22
-109, 3441, -22
-109, 3441, 10
433, 3536, 10
433, 3536, 10
-131, 3599, -3
-131, 3599, -3
-131, 3599, 2
-311, 3591, 2
-311, 3591, 2
-218, 3510, -12
-218, 3510, -12
-218, 3510, -12
-371, 3508, -38
-371, 3508, -38
-377, 3515, -63
-377, 3515, -63
-377, 3515, -15
-427, 3542, -15
-427, 3542, -15
-116, 3562, 12
218, 3515, -62
218, 3515, -38
804, 3426, -38
804, 3426, -38
548, 3382, -58
548, 3382, -58
548, 3382, -42
-1313, 3557, -42
-1313, 3557, -42
-1871, 3615, -11
-1871, 3615, -11
-1871, 3615, -6
-1031, 3465, -6
-1031, 3465, -6
-4, 3297, 3
-4, 3297, 3
-4, 3297, -27
-357, 3310, -27
-357, 3310, -27
-701, 3326, -15
-701, 3326, -15
-701, 3326, -43
-469, 3231, -43
-469, 3231, -43
-214, 3153, -14
-214, 3153, -14
-214, 3153, -69
46, 3048, -69
46, 3048, -69
-276, 3050, -93
-276, 3050, -93
-276, 3050, -83
-728, 3099, -83
-728, 3099, -83
-470, 3055, -33
-470, 3055, -33
-470, 2988, -12
-139, 2988, -12
-139, 2988, -12
104, 2957, 20
104, 2957, 20
104, 2975, 2
-103, 2975, 2
-103, 2975, 2
327, 2948, 5
327, 2948, 5
327, 2948, -1
85, 2961, -1
85, 2961, -1
85, 3005, -16
-241, 3005, -16
-241, 3005, -16
401, 2948, -11
401, 2948, -11
401, 2900, -10
873, 2900, -10
873, 2900, -10
913, 2927, 1
913, 2927, 1
913, 2974, -2
377, 2974, -2
377, 2974, -2
35, 2983, 3
35, 2983, 3
35, 2983, 1
-515, 3009, 1
-515, 3009, 1
-582, 3012, -7
-582, 3012, -7
-582, 3012, -7
-111, 3000, -9
-111, 3000, -9
-111, 2985, -16
402, 2985, -16
402, 2985, -16
657, 3007, -23
657, 3007, -23
657, 3027, -44
759, 3027, -44
759, 3027, -44
630, 3070, -43
630, 3070, -43
630, 3082, -41
383, 3082, -41
383, 3082, -41
12, 3081, -49
12, 3081, -49
12, 3120, -67
-400, 3120, -67
-400, 3120, -67
-168, 3127, -98
-168, 3127, -98
-168, 3087, -134
693, 3087, -134
693, 3087, -134
1177, 3124, -98
1177, 3124, -98
1177, 3201, -74
355, 3201, -74
355, 3201, -74
25, 3199, -58
25, 3199, -58
25, 3222, -61
280, 3222, -61
280, 3222, -61
4, 3259, -55
4, 3259, -55
4, 3305, -44
-415, 3305, -44
-415, 3305, -44
-1604, 3358, -56
-1604, 3358, -56
-1604, 3326, -219
-2075, 3326, -219
-2075, 3326, -219
-3326, 3526, -79
-3326, 3526, -79
-3313, 3488, -28
-3313, 3488, -28
-3313, 3488, 17
-2553, 3469, 17
-2553, 3469, 17
-1630, 3347, -18
-1630, 3347, -18
-1630, 3255, -105
-598, 3255, -105
-598, 3255, -105
444, 3183, -161
444, 3183, -161
1381, 3120, -154
1381, 3120, -154
1381, 3120, -127
1835, 3040, -127
1835, 3040, -127
1466, 3029, -100
1466, 3029, -100
1466, 3097, -70
471, 3097, -70
471, 3097, -70
-332, 3163, -54
-332, 3163, -54
-332, 3184, -51
-530, 3184, -51
-530, 3184, -51
-291, 3160, -70
-291, 3160, -70
-291, 3120, -67
134, 3120, -67
134, 3120, -67
996, 3006, -44
996, 3006, -44
996, 2930, -54
1098, 2930, -54
1098, 2930, -54
279, 2983, -46
279, 2983, -46
279, 3057, -52
-424, 3057, -52
-424, 3057, -52
55, 3071, -6
55, 3071, -6
55, 3023, 12
450, 3023, 12
450, 3023, 12
418, 2946, 2
418, 2946, 2
418, 2946, -18
5, 3035, -18
5, 3035, -18
-537, 3152, -32
-537, 3152, -32
-537, 3152, -32
-283, 3103, -28
-283, 3103, -28
261, 3030, -10
261, 3030, -10
261, 3030, -10
177, 3026, -25
177, 3026, -25
-237, 3104, -38
-237, 3104, -38
-237, 3104, -38
-431, 3170, -53
-431, 3170, -53
-508, 3233, -43
-508, 3233, -43
-508, 3233, -31
-677, 3322, -31
-677, 3322, -31
-850, 3351, -43
-850, 3351, -43
-850, 3351, -27
-763, 3365, -27
-763, 3365, -27
-672, 3348, -32
-672, 3348, -32
-672, 3348, -11
-578, 3378, -11
-578, 3378, -11
-720, 3451, 3
-720, 3451, 3
-720, 3451, 20
-351, 3427, 20
-351, 3427, 20
-28, 3374, -27
-28, 3374, -27
-28, 3374, -37
36, 3366, -37
36, 3366, -37
-139, 3429, -32
-139, 3429, -32
-139, 3429, -26
73, 3411, -26
73, 3411, -26
427, 3315, -3
427, 3315, -3
427, 3315, -22
-69, 3344, -22
-69, 3344, -22
-588, 3434, -8
-588, 3434, -8
-588, 3434, -8
-794, 3453, -16
-794, 3453, -16
-638, 3409, -44
-638, 3409, -44
-638, 3409, -44
-316, 3336, -86
-316, 3336, -86
204, 3293, -69
204, 3293, -69
204, 3293, -69
834, 3158, -102
834, 3158, -102
729, 3121, -93
729, 3121, -93
729, 3121, -93
810, 3065, -95
810, 3065, -95
500, 3054, -61
500, 3054, -61
500, 3054, -61
263, 3047, -28
263, 3047,-55
1655, 2006, -55
1326, 2155, -36
1326, 2155, -36
1326, 2296, -39
890, 2296, -39
890, 2296, -39
-189, 2316, -27
-189, 2316, -27
-189, 2357, -4
-840, 2357, -4
-840, 2357, -4
-1021, 2430, -1
-1021, 2430, -1
-1021, 2455, -7
-979, 2455, -7
-979, 2455, -7
-637, 2477, -19
-637, 2477, -19
-637, 2471, -30
-299, 2471, -30
-299, 2471, -30
-132, 2461, -47
-132, 2461, -47
-132, 2503, -52
-149, 2503, -52
-149, 2503, -52
-246, 2634, -53
-246, 2634, -53
-246, 2714, -46
-443, 2714, -46
-443, 2714, -46
-525, 2687, -47
-525, 2687, -47
-525, 2621, -37
-325, 2621, -37
-325, 2621, -37
-26, 2533, -30
-26, 2533, -30
-26, 2459, -21
257, 2459, -21
257, 2459, -21
290, 2466, -33
290, 2466, -33
290, 2568, -51
-64, 2568, -51
-64, 2568, -51
-526, 2701, -47
-526, 2701, -47
-526, 2782, -27
-720, 2782, -27
-720, 2782, -27
-760, 2828, -28
-760, 2828, -28
-760, 2870, -40
-566, 2870, -40
-566, 2870, -40
-140, 2847, -46
-140, 2847, -46
-140, 2793, -47
107, 2793, -47
107, 2793, -47
114, 2816, -61
114, 2816, -61
114, 2937, -59
-31, 2937, -59
-31, 2937, -59
-257, 3106, -44
-257, 3106, -44
-257, 3234, -42
-476, 3234, -42
-476, 3234, -42
-499, 3340, -43
-499, 3340, -43
-499, 3385, -33
-679, 3385, -33
-679, 3385, -33
-510, 3452, -32
-510, 3452, -32
-546, 3424, -37
-546, 3424, -37
-546, 3424, -37
-450, 3342, -15
-450, 3342, -15
-555, 3225, -2
-555, 3225, -2
-555, 3225, -2
-853, 2979, -7
-853, 2979, -7
-853, 2813, -46
-551, 2813, -46
-551, 2813, -46
-564, 2646, -58
-564, 2646, -58
-770, 2511, -65
-770, 2511, -65
-770, 2511, -86
-789, 2441, -86
-789, 2441, -86
-718, 2360, -88
-718, 2360, -88
-718, 2360, -42
-157, 2332, -42
-157, 2332, -42
30, 2301, -15
30, 2301, -15
30, 2301, 18
391, 2289, 18
391, 2289, 18
217, 2178, 35
217, 2178, 35
217, 2178, 35
-67, 2114, 21
-67, 2114, 21
-67, 2088, -5
-102, 2088, -5
-102, 2088, -5
-64, 2072, -4
-64, 2072, -4
-64, 2072, -32
90, 2056, -32
90, 2056, -32
78, 2059, -43
78, 2059, -43
78, 2059, -67
10, 2099, -67
10, 2099, -67
-415, 2162, -69
-415, 2162, -69
-415, 2162, -69
-851, 2228, -69
-851, 2228, -69
-1112, 2262, -30
-1112, 2262, -30
-1112, 2301, -19
-1264, 2301, -19
-1264, 2301, -19
-1242, 2279, 19
-1242, 2279, 19
-910, 2180, 37
-910, 2180, 37
-910, 2180, 31
-560, 2125, 31
-560, 2125, 31
-335, 2094, 6
-335, 2094, 6
-335, 2094, 6
-244, 2121, -35
-244, 2121, -35
-493, 2225, -48
-493, 2225, -48
-493, 2225, -48
-708, 2300, -54
-708, 2300, -54
-974, 2398, -35
-974, 2398, -35
-974, 2398, 12
-539, 2548, 12
-539, 2548, 12
-649, 2598, 53
-649, 2598, 53
-649, 2598, 16
-822, 2682, 16
-822, 2682, 16
-1069, 2675, -34
-1069, 2675, -34
-1069, 2675, -51
-1160, 2664, -51
-1160, 2664, -51
-1206, 2696, -102
-1206, 2696, -102
-1206, 2702, -96
-982, 2702, -96
-982, 2702, -96
-581, 2700, -32
-581, 2700, -32
-235, 2658, -15
-235, 2658, -15
-235, 2658, -2
40, 2680, -2
40, 2680, -2
40, 2756, 16
-108, 2756, 16
-108, 2756, 16
-211, 2897, 10
-211, 2897, 10
-211, 3054, 35
-568, 3054, 35
-568, 3054, 35
-795, 3164, 64
-795, 3164, 64
-795, 3255, 57
-651, 3255, 57
-651, 3255, 57
-786, 3322, 19
-786, 3322, 19
-786, 3362, 19
-599, 3362, 19
-599, 3362, 19
-547, 3364, 24
-547, 3364, 24
-133, 3301, -16
-133, 3301, -16
-133, 3301, -16
344, 3194, -8
344, 3194, -8
344, 2607, 5
2124, 2607, 5
2124, 2607, 5
4337, 2020, -1
4337, 2020, -1
4337, 1839, -7
5695, 1839, -7
5695, 1839, -7
6642, 1796, -47
6642, 1796, -47
6642, 1938, -3
6084, 1938, -3
6084, 1938, -3
3995, 2296, -52
3995, 2296, -52
3995, 2732, -28
2094, 2732, -28
2094, 2732, -28
759, 3001, -39
759, 3001, -39
759, 3031, -82
-201, 3031, -82
-201, 3031, -82
-584, 3028, -89
-584, 3028, -89
-584, 2763, -71
-372, 2763, -71
-372, 2763, -71
1595, 2052, -70
1595, 2052, -70
1970, 2160, -74
1970, 2160, -74
1970, 2160, -74
1754, 2422, -100
1754, 2422, -100
1429, 274
-56, 1873, -94
554, 1585, -90
554, 1585, -90
554, 1585, -43
1202, 1417, -43
1202, 1417, -43
1067, 1444, -41
1067, 1444, -41
1067, 1444, -79
356, 1775, -79
356, 1775, -79
-625, 2128, -114
-625, 2128, -114
-625, 2349, -109
-1316, 2349, -109
-1316, 2349, -109
-1846, 2407, -45
-1846, 2407, -45
-1904, 2344, 5
-1904, 2344, 5
-1904, 2344, 61
-1307, 2183, 61
-1307, 2183, 61
-288, 1852, 57
-288, 1852, 57
-288, 1852, 32
469, 1658, 32
469, 1658, 32
927, 1693, -44
927, 1693, -44
927, 1693, -61
865, 1783, -61
865, 1783, -61
-169, 2069, -57
-169, 2069, -57
-169, 2069, -53
-1294, 2409, -53
-1294, 2409, -53
-1875, 2685, -71
-1875, 2685, -71
-1875, 2759, -15
-1852, 2759, -15
-1852, 2759, -15
-1844, 2780, 37
-1844, 2780, 37
-1844, 2955, 27
-2272, 2955, 27
-2272, 2955, 27
-2627, 3159, -30
-2627, 3159, -30
-2754, 3265, -20
-2754, 3265, -20
-2754, 3265, 7
-2484, 3249, 7
-2484, 3249, 7
-2478, 3226, 31
-2478, 3226, 31
-2478, 3234, 23
-2274, 3234, 23
-2274, 3234, 23
-2466, 3263, 52
-2466, 3263, 52
-2466, 3352, 4
-2684, 3352, 4
-2684, 3352, 4
-2345, 3318, -7
-2345, 3318, -7
-1414, 3081, 14
-1414, 3081, 14
-1414, 3081, -8
-647, 2842, -8
-647, 2842, -8
-12, 2757, -10
-12, 2757, -10
-12, 2757, -10
222, 2660, 4
222, 2660, 4
222, 2711, -3
382, 2711, -3
382, 2711, -3
1263, 2641, -25
1263, 2641, -25
1263, 2461, -87
2138, 2461, -87
2138, 2461, -87
2123, 2427, -93
2123, 2427, -93
2123, 2475, -34
1597, 2475, -34
1597, 2475, -34
1244, 2507, 6
1244, 2507, 6
1244, 2563, -1
1066, 2563, -1
1066, 2563, -1
903, 2587, -48
903, 2587, -48
903, 2660, -64
715, 2660, -64
715, 2660, -64
316, 2720, -41
316, 2720, -41
316, 2801, -28
-174, 2801, -28
-174, 2801, -28
-870, 2937, -10
-870, 2937, -10
-870, 3043, -33
-1618, 3043, -33
-1618, 3043, -33
-2564, 3239, 20
-2564, 3239, 20
-3346, 3422, 35
-3346, 3422, 35
-3346, 3422, 20
-3575, 3478, 20
-3575, 3478, 20
-3547, 3438, 28
-3547, 3438, 28
-3547, 3312, 31
-3165, 3312, 31
-3165, 3312, 31
-2106, 3020, 10
-2106, 3020, 10
-1136, 2728, 18
-1136, 2728, 18
-1136, 2728, -16
-473, 2533, -16
-473, 2533, -16
-144, 2453, -30
-144, 2453, -30
-144, 2453, -15
76, 2416, -15
76, 2416, -15
235, 2384, 28
235, 2384, 28
235, 2384, 34
152, 2422, 34
152, 2422, 34
-159, 2520, 16
-159, 2520, 16
-159, 2520, 7
-595, 2660, 7
-595, 2660, 7
-894, 2754, 17
-894, 2754, 17
-894, 2754, 17
-1256, 2849, 41
-1256, 2849, 41
-1573, 2908, 67
-1573, 2908, 67
-1573, 2908, 104
-1707, 2930, 104
-1707, 2930, 104
-1719, 2931, 147
-1719, 2931, 147
-1719, 2903, 150
-1626, 2903, 150
-1626, 2903, 150
-1202, 2792, 168
-1202, 2792, 168
-680, 2624, 168
-680, 2624, 168
-680, 2624, 151
-792, 2662, 151
-792, 2662, 151
-1060, 2775, 123
-1060, 2775, 123
-1060, 2674, 65
-627, 2674, 65
-627, 2674, 65
-39, 2482, 69
-39, 2482, 69
-39, 2447, 79
-112, 2447, 79
-112, 2447, 79
-431, 2517, 69
-431, 2517, 69
-431, 2586, 90
-718, 2586, 90
-718, 2586, 90
-1002, 2658, 82
-1002, 2658, 82
-1002, 2880, 122
-1755, 2880, 122
-1755, 2880, 122
-2153, 2987, 136
-2153, 2987, 136
-2066, 2974, 175
-2066, 2974, 175
-2066, 2974, 141
-1338, 2771, 141
-1338, 2771, 141
-1233, 2677, 173
-1233, 2677, 173
-988, 2599, 129
-988, 2599, 129
-988, 2599, 129
-713, 2491, 85
-713, 2491, 85
-850, 2461, 63
-850, 2461, 63
-850, 2461, 48
-670, 2348, 48
-670, 2348, 48
-564, 2231, 58
-564, 2231, 58
-564, 2231, 45
-532, 2147, 45
-532, 2147, 45
-561, 2056, 8
-561, 2056, 8
-561, 2056, -20
-654, 1983, -20
-654, 1983, -20
-641, 1936, -48
-641, 1936, -48
-641, 1936, -77
-815, 1965, -77
-815, 1965, -77
-1192, 2063, -97
-1192, 2063, -97
-1192, 2063, -106
-1164, 2044, -106
-1164, 2044, -106
-1131, 1940, -84
-1131, 1940, -84
-835, 1811, -80
-835, 1811, -80
-835, 1811, -91
298, 1422, -91
298, 1422, -91
371, 1291, -48
371, 1291, -48
371, 1291, -57
26, 1381, -57
26, 1381, -57
-412
-246, 2121, 0
-352, 2023, -53
-352, 2023, -53
-352, 2024, -110
-500, 2024, -110
-500, 2024, -91
-761, 2168, -91
-761, 2168, -91
-913, 2295, -22
-913, 2295, -22
-913, 2295, 74
-689, 2336, 74
-689, 2336, 74
-494, 2265, 140
-494, 2265, 140
-494, 2265, 125
-490, 2100, 125
-490, 2100, 125
-473, 1959, 111
-473, 1959, 111
-473, 1920, 147
-332, 1920, 147
-332, 1920, 147
-410, 1935, 135
-410, 1935, 135
-410, 1926, 77
-637, 1926, 77
-637, 1926, 77
-135, 1959, -8
-135, 1959, -8
-135, 1948, -43
-97, 1948, -43
-97, 1948, -43
-142, 1926, -44
-142, 1926, -44
-142, 1900, -67
-356, 1900, -67
-356, 1900, -67
-256, 1859, -80
-256, 1859, -80
-256, 1806, -129
-184, 1806, -129
-184, 1806, -129
-158, 1793, -138
-158, 1793, -138
-314, 1780, -201
-314, 1780, -201
-314, 1780, -297
-373, 1759, -297
-373, 1759, -297
-315, 1735, -388
-315, 1735, -388
-315, 1694, -411
-330, 1694, -411
-330, 1694, -411
-341, 1626, -378
-341, 1626, -378
-211, 1494, -324
-211, 1494, -324
-211, 1494, -262
22, 1352, -262
22, 1352, -262
205, 1225, -223
205, 1225, -223
205, 1225, -127
211, 1185, -127
211, 1185, -127
33, 1217, -22
33, 1217, -22
33, 1217, 28
-312, 1404, 28
-312, 1404, 28
-779, 1635, 39
-779, 1635, 39
-779, 1635, 42
-573, 1598, 42
-573, 1598, 42
182, 1381, 10
182, 1381, 10
182, 1381, -4
915, 1169, -4
915, 1169, -4
1261, 1061, 0
1261, 1061, 0
1261, 1061, -1
1273, 1053, -1
1273, 1053, -1
1089, 1124, -32
1089, 1124, -32
1089, 1124, -41
795, 1245, -41
795, 1245, -41
467, 1396, -35
467, 1396, -35
467, 1396, -41
171, 1528, -41
171, 1528, -41
-103, 1687, -27
-103, 1687, -27
-103, 1687, -10
-324, 1822, -10
-324, 1822, -10
-388, 1873, 14
-388, 1873, 14
-388, 1873, 24
-333, 1871, 24
-333, 1871, 24
-131, 1885, 28
-131, 1885, 28
-131, 1885, 56
-56, 1914, 56
-56, 1914, 56
114, 1931, 52
114, 1931, 52
114, 1931, 52
294, 1946, 25
294, 1946, 25
294, 1954, -1
304, 1954, -1
304, 1954, -1
252, 1990, -4
252, 1990, -4
252, 2062, 0
231, 2062, 0
231, 2062, 0
200, 2141, 16
200, 2141, 16
200, 2141, 32
108, 2197, 32
108, 2197, 32
-25, 2254, 43
-25, 2254, 43
-25, 2254, 83
-208, 2305, 83
-208, 2305, 83
-536, 2346, 133
-536, 2346, 133
-536, 2346, 102
-356, 2324, 102
-356, 2324, 102
191, 2168, 24
191, 2168, 24
191, 2168, -4
424, 2026, -4
424, 2026, -4
448, 1972, 3
448, 1972, 3
448, 1972, 3
205, 2064, 18
205, 2064, 18
205, 2218, 3
-110, 2218, 3
-110, 2218, 3
-353, 2363, 20
-353, 2363, 20
-353, 2485, 31
-503, 2485, 31
-503, 2485, 31
-479, 2578, 33
-479, 2578, 33
-479, 2632, 26
-452, 2632, 26
-452, 2632, 26
-475, 2630, 39
-475, 2630, 39
-475, 2629, 25
-352, 2629, 25
-352, 2629, 25
-93, 2633, 26
-93, 2633, 26
-93, 2656, 68
23, 2656, 68
23, 2656, 68
-19, 2704, 89
-19, 2704, 89
-19, 2704, 115
90, 2707, 115
90, 2707, 115
402, 2659, 59
402, 2659, 59
402, 2659, 6
468, 2589, 6
468, 2589, 6
468, 2529, -4
404, 2529, -4
404, 2529, -4
117, 2564, -8
117, 2564, -8
117, 2620, 19
-237, 2620, 19
-237, 2620, 19
-409, 2668, 59
-409, 2668, 59
-409, 2671, 66
-263, 2671, 66
-263, 2671, 66
-273, 2637, 54
-273, 2637, 54
-273, 2597, 52
-216, 2597, 52
-216, 2597, 52
-296, 2645, 35
-296, 2645, 35
-296, 2701, 48
-515, 2701, 48
-515, 2701, 48
-734, 2752, 36
-734, 2752, 36
-734, 2770, 44
-940, 2770, 44
-940, 2770, 44
-985, 2745, 79
-985, 2745, 79
-985, 2670, 75
-877, 2670, 75
-877, 2670, 75
-656, 2520, 48
-656, 2520, 48
-656, 2337, 54
-445, 2337, 54
-445, 2337, 54
-281, 2171, 44
-281, 2171, 44
-281, 2001, 35
-29, 2001, 35
-29, 2001, 35
189, 1846, 17
189, 1846, 17
189, 1846, 4
255, 1730, 4
255, 1730, 4
86, 1697, -5
86, 1697, -5
86, 1697, -5
-200, 1718, 5
-200, 1718, 5
-200, 1727, 7
-399, 1727, 7
-399, 1727, 7
-433, 1687, 10
-433, 1687, 10
-433, 1603, 15
-329, 1603, 15
-329, 1603, 15
-243, 1526, 22
-243, 1526, 22
-243, 1490, 14
-201, 1490, 14
-201, 1490,98, 3512, 142
-754, 3611, 157
-754, 3611, 157
-754, 3581, 163
-681, 3581, 163
-681, 3581, 163
-513, 3558, 155
-513, 3558, 155
-513, 3609, 166
-634, 3609, 166
-634, 3609, 166
-618, 3592, 177
-618, 3592, 177
-706, 3610, 201
-706, 3610, 201
-706, 3610, 188
-819, 3659, 188
-819, 3659, 188
-850, 3714, 183
-850, 3714, 183
-850, 3714, 178
-724, 3725, 178
-724, 3725, 178
-674, 3686, 170
-674, 3686, 170
-674, 3596, 155
-480, 3596, 155
-480, 3596, 155
-326, 3512, 137
-326, 3512, 137
-326, 3449, 131
-233, 3449, 131
-233, 3449, 131
-208, 3439, 112
-208, 3439, 112
-320, 3509, 116
-320, 3509, 116
-320, 3509, 149
-472, 3584, 149
-472, 3584, 149
-670, 3618, 187
-670, 3618, 187
-670, 3618, 156
-862, 3575, 156
-862, 3575, 156
-774, 3544, 112
-774, 3544, 112
-774, 3587, 111
-1060, 3587, 111
-1060, 3587, 111
-1497, 3566, 196
-1497, 3566, 196
-1100, 3514, 264
-1100, 3514, 264
-1100, 3514, 246
-817, 3587, 246
-817, 3587, 246
-704, 3617, 220
-704, 3617, 220
-704, 3651, 187
-766, 3651, 187
-766, 3651, 187
-810, 3659, 192
-810, 3659, 192
-810, 3687, 205
-971, 3687, 205
-971, 3687, 205
-1098, 3737, 243
-1098, 3737, 243
-1111, 3812, 265
-1111, 3812, 265
-1111, 3812, 238
-844, 3912, 238
-844, 3912, 238
-747, 3982, 189
-747, 3982, 189
-747, 3972, 207
-1032, 3972, 207
-1032, 3972, 207
-868, 3878, 273
-868, 3878, 273
-483, 3840, 211
-483, 3840, 211
-483, 3840, 210
-713, 3769, 210
-713, 3769, 210
-761, 3678, 238
-761, 3678, 238
-761, 3678, 247
-472, 3635, 247
-472, 3635, 247
88, 3574, 206
88, 3574, 206
88, 3596, 218
-76, 3596, 218
-76, 3596, 218
-194, 3510, 296
-194, 3510, 296
-194, 3466, 299
226, 3466, 299
226, 3466, 299
839, 3443, 224
839, 3443, 224
839, 3507, 142
649, 3507, 142
649, 3507, 142
-530, 3505, 192
-530, 3505, 192
-530, 3453, 285
-505, 3453, 285
-505, 3453, 285
-183, 3496, 325
-183, 3496, 325
303, 3543, 275
303, 3543, 275
303, 3543, 275
478, 3575, 191
478, 3575, 191
413, 3565, 122
413, 3565, 122
413, 3565, 122
218, 3530, 120
218, 3530, 120
41, 3446, 152
41, 3446, 152
41, 3446, 152
438, 3365, 179
438, 3365, 179
623, 3320, 160
623, 3320, 160
623, 3320, 152
319, 3264, 152
319, 3264, 152
-95, 3258, 194
-95, 3258, 194
-95, 3258, 214
-189, 3216, 214
-189, 3216, 214
-346, 3207, 178
-346, 3207, 178
-346, 3207, 171
154, 3167, 171
154, 3167, 171
363, 3106, 159
363, 3106, 159
363, 3106, 102
522, 2989, 102
522, 2989, 102
226, 2895, 98
226, 2895, 98
226, 2895, 132
184, 2806, 132
184, 2806, 132
-53, 2766, 175
-53, 2766, 175
-53, 2766, 247
-122, 2683, 247
-122, 2683, 247
783, 2602, 188
783, 2602, 188
783, 2602, 148
902, 2520, 148
902, 2520, 148
649, 2446, 138
649, 2446, 138
649, 2446, 142
554, 2412, 142
554, 2412, 142
846, 2396, 142
846, 2396, 142
846, 2396, 123
1002, 2391, 123
1002, 2391, 123
1144, 2335, 103
1144, 2335, 103
1144, 2401, 89
906, 2401, 89
906, 2401, 89
718, 2361, 53
718, 2361, 53
718, 2403, 15
-174, 2403, 15
-174, 2403, 15
-153, 2390, 83
-153, 2390, 83
-153, 2403, 111
206, 2403, 111
206, 2403, 111
714, 2317, 91
714, 2317, 91
714, 2371, 71
-60, 2371, 71
-60, 2371, 71
-726, 2381, 74
-726, 2381, 74
-726, 2409, 149
-812, 2409, 149
-812, 2409, 149
-529, 2434, 131
-529, 2434, 131
-529, 2413, 121
-503, 2413, 121
-503, 2413, 121
-352, 2414, 93
-352, 2414, 93
-352, 2406, 107
-342, 2406, 107
-342, 2406, 107
-360, 2405, 122
-360, 2405, 122
-176, 2375, 182
-176, 2375, 182
-176, 2375, 179
54, 2373, 179
54, 2373, 179
-246, 2465, 152
-246, 2465, 152
-246, 2465, 100
-639, 2585, 100
-639, 2585, 100
-688, 2642, 97
-688, 2642, 97
-688, 2688, 97
-661, 2688, 97
-661, 2688, 97
-791, 2702, 86
-791, 2702, 86
-791, 2713, 116
-935, 2713, 116
-935, 2713, 116
-774, 2680, 155
-774, 2680, 155
-774, 2719, 141
-851, 2719, 141
-851, 2719, 141
-1236, 2699, 137
-1236, 2699, 137
-1102, 2754, 127
-1102, 2754, 127
-1
11, 3270, 177
11, 3270, 177
-53, 3229, 146
-53, 3229, 146
-53, 3229, 173
-15, 3234, 173
-15, 3234, 173
47, 3176, 166
47, 3176, 166
47, 3176, 205
-83, 3172, 205
-83, 3172, 205
-209, 3238, 250
-209, 3238, 250
-209, 3238, 234
356, 3143, 234
356, 3143, 234
395, 3305, 219
395, 3305, 219
395, 3305, 186
430, 3364, 186
430, 3364, 186
336, 3356, 173
336, 3356, 173
336, 3356, 176
207, 3317, 176
207, 3317, 176
145, 3287, 202
145, 3287, 202
145, 3287, 167
304, 3185, 167
304, 3185, 167
268, 3142, 148
268, 3142, 148
268, 3142, 170
130, 3168, 170
130, 3168, 170
413, 3071, 185
413, 3071, 185
413, 3071, 180
798, 2868, 180
798, 2868, 180
863, 2721, 160
863, 2721, 160
863, 2721, 124
996, 2591, 124
996, 2591, 124
732, 2555, 122
732, 2555, 122
732, 2533, 140
372, 2533, 140
372, 2533, 140
468, 2433, 123
468, 2433, 123
468, 2510, 114
347, 2510, 114
347, 2510, 114
315, 2522, 101
315, 2522, 101
315, 2574, 111
-77, 2574, 111
-77, 2574, 111
-51, 2715, 119
-51, 2715, 119
-51, 2801, 103
42, 2801, 103
42, 2801, 103
-184, 2917, 118
-184, 2917, 118
-184, 2922, 134
-234, 2922, 134
-234, 2922, 134
102, 2810, 139
102, 2810, 139
102, 2715, 126
445, 2715, 126
445, 2715, 126
256, 2761, 136
256, 2761, 136
256, 2731, 139
191, 2731, 139
191, 2731, 139
301, 2685, 98
301, 2685, 98
301, 2686, 117
314, 2686, 117
314, 2686, 117
104, 2751, 139
104, 2751, 139
104, 2711, 132
205, 2711, 132
205, 2711, 132
343, 2657, 111
343, 2657, 111
38, 2738, 124
38, 2738, 124
38, 2738, 124
-70, 2815, 131
-70, 2815, 131
37, 2890, 121
37, 2890, 121
37, 2890, 121
-665, 3081, 155
-665, 3081, 155
-928, 3119, 139
-928, 3119, 139
-928, 3119, 139
-572, 3043, 105
-572, 3043, 105
-1026, 3164, 128
-1026, 3164, 128
-1026, 3164, 161
-1310, 3194, 161
-1310, 3194, 161
-947, 3067, 141
-947, 3067, 141
-947, 2935, 120
-634, 2935, 120
-634, 2935, 120
-624, 2861, 124
-624, 2861, 124
-784, 2876, 94
-784, 2876, 94
-784, 2876, 126
-1192, 2979, 126
-1192, 2979, 126
-1308, 3036, 166
-1308, 3036, 166
-1308, 2954, 179
-1056, 2954, 179
-1056, 2954, 179
-604, 2853, 142
-604, 2853, 142
-604, 2852, 119
-586, 2852, 119
-586, 2852, 119
-460, 2779, 100
-460, 2779, 100
-609, 2829, 140
-609, 2829, 140
-609, 2829, 166
-491, 2755, 166
-491, 2755, 166
-227, 2671, 152
-227, 2671, 152
-227, 2658, 128
-112, 2658, 128
-112, 2658, 128
-117, 2669, 127
-117, 2669, 127
-117, 2639, 114
-112, 2639, 114
-112, 2639, 114
-3, 2599, 115
-3, 2599, 115
-3, 2589, 97
43, 2589, 97
43, 2589, 97
-385, 2772, 146
-385, 2772, 146
-385, 2694, 154
-264, 2694, 154
-264, 2694, 154
373, 2524, 115
373, 2524, 115
373, 2601, 120
163, 2601, 120
163, 2601, 120
103, 2588, 126
103, 2588, 126
103, 2488, 104
306, 2488, 104
306, 2488, 104
228, 2497, 91
228, 2497, 91
228, 2548, 111
28, 2548, 111
28, 2548, 111
-158, 2626, 143
-158, 2626, 143
-158, 2637, 125
21, 2637, 125
21, 2637, 125
101, 2686, 118
101, 2686, 118
101, 2740, 115
118, 2740, 115
118, 2740, 115
187, 2730, 109
187, 2730, 109
187, 2664, 96
390, 2664, 96
390, 2664, 96
475, 2634, 82
475, 2634, 82
475, 2678, 117
200, 2678, 117
200, 2678, 117
160, 2599, 137
160, 2599, 137
160, 2445, 104
489, 2445, 104
489, 2445, 104
826, 2328, 75
826, 2328, 75
826, 2416, 72
288, 2416, 72
288, 2416, 72
-74, 2448, 88
-74, 2448, 88
-74, 2448, 122
23, 2408, 122
23, 2408, 122
548, 2304, 93
548, 2304, 93
548, 2304, 95
233, 2388, 95
233, 2388, 95
266, 2313, 78
266, 2313, 78
266, 2313, 95
234, 2256, 95
234, 2256, 95
358, 2182, 65
358, 2182, 65
358, 2182, 65
343, 2177, 46
343, 2177, 46
343, 2275, 73
11, 2275, 73
11, 2275, 73
369, 2235, 78
369, 2235, 78
369, 2177, 67
799, 2177, 67
799, 2177, 67
384, 2327, 97
384, 2327, 97
384, 2327, 107
448, 2341, 107
448, 2341, 107
376, 2384, 123
376, 2384, 123
376, 2384, 116
400, 2391, 116
400, 2391, 116
342, 2385, 97
342, 2385, 114
-1345, 2019, 52
-732, 2019, 52
-732, 2019, 52
-787, 2111, 42
-787, 2111, 42
-945, 2111, 58
-945, 2111, 58
-945, 2111, 58
-686, 2029, 36
-686, 2029, 36
-896, 2105, 71
-896, 2105, 71
-896, 2105, 71
-1122, 2160, 84
-1122, 2160, 84
-703, 2047, 16
-703, 2047, 16
-703, 2047, 0
-890, 2121, 0
-890, 2121, 0
-1056, 2140, 8
-1056, 2140, 8
-1056, 2140, 50
-1294, 2206, 50
-1294, 2206, 50
-1614, 2328, 105
-1614, 2328, 105
-1614, 2328, 152
-1583, 2362, 152
-1583, 2362, 152
-563, 2061, 46
-563, 2061, 46
-563, 2088, 8
-397, 2088, 8
-397, 2088, 8
-714, 2159, 26
-714, 2159, 26
-714, 2201, 70
-852, 2201, 70
-852, 2201, 70
-1061, 2241, 136
-1061, 2241, 136
-406, 2115, 55
-406, 2115, 55
-406, 2115, 55
-436, 2160, 70
-436, 2160, 70
-632, 2215, 113
-632, 2215, 113
-632, 2215, 159
-575, 2160, 159
-575, 2160, 159
-400, 2152, 180
-400, 2152, 180
-400, 2152, 184
-366, 2209, 184
-366, 2209, 184
-413, 2237, 143
-413, 2237, 143
-413, 2300, 127
-500, 2300, 127
-500, 2300, 127
-673, 2409, 110
-673, 2409, 110
-673, 2414, 120
-712, 2414, 120
-712, 2414, 120
-769, 2473, 113
-769, 2473, 113
-718, 2498, 102
-718, 2498, 102
-718, 2498, 130
-707, 2516, 130
-707, 2516, 130
-514, 2416, 159
-514, 2416, 159
-514, 2416, 128
-9, 2233, 128
-9, 2233, 128
431, 2113, 70
431, 2113, 70
431, 2113, 74
121, 2193, 74
121, 2193, 74
-122, 2252, 88
-122, 2252, 88
-122, 2252, 77
-44, 2246, 77
-44, 2246, 77
172, 2164, 75
172, 2164, 75
172, 2164, 111
378, 2062, 111
378, 2062, 111
631, 1891, 69
631, 1891, 69
631, 1891, 69
442, 1926, 37
442, 1926, 37
442, 2112, 81
-179, 2112, 81
-179, 2112, 81
-371, 2127, 98
-371, 2127, 98
-371, 2172, 109
-425, 2172, 109
-425, 2172, 109
-522, 2232, 100
-522, 2232, 100
-667, 2274, 124
-667, 2274, 124
-667, 2274, 120
-614, 2258, 120
-614, 2258, 120
-658, 2314, 112
-658, 2314, 112
-658, 2314, 106
-687, 2330, 106
-687, 2330, 106
-440, 2253, 84
-440, 2253, 84
-440, 2181, 82
-72, 2181, 82
-72, 2181, 82
64, 2187, 76
64, 2187, 76
64, 2187, 90
186, 2146, 90
186, 2146, 90
402, 2073, 81
402, 2073, 81
402, 2073, 84
429, 2037, 84
429, 2037, 84
483, 1982, 65
483, 1982, 65
483, 1982, 65
278, 1997, 85
278, 1997, 85
278, 2050, 55
82, 2050, 55
82, 2050, 55
-76, 2076, 31
-76, 2076, 31
-76, 2046, 50
-169, 2046, 50
-169, 2046, 50
-305, 2053, 68
-305, 2053, 68
-305, 2034, 83
-180, 2034, 83
-180, 2034, 83
13, 2042, 80
13, 2042, 80
13, 2109, 67
-319, 2109, 67
-319, 2109, 67
-592, 2109, 77
-592, 2109, 77
-592, 2109, 78
-529, 2059, 78
-529, 2059, 78
-356, 1997, 78
-356, 1997, 78
-356, 1931, 73
-215, 1931, 73
-215, 1931, 73
-111, 1897, 81
-111, 1897, 81
-111, 1873, 88
-121, 1873, 88
-121, 1873, 88
-62, 1832, 101
-62, 1832, 101
-62, 1803, 91
-38, 1803, 91
-38, 1803, 91
25, 1764, 88
25, 1764, 88
25, 1764, 84
254, 1678, 84
254, 1678, 84
681, 1570, 68
681, 1570, 68
681, 1570, 68
706, 1560, 73
706, 1560, 73
706, 1648, 67
363, 1648, 67
363, 1648, 67
250, 1709, 50
250, 1709, 50
250, 1620, 57
458, 1620, 57
458, 1620, 57
530, 1575, 51
530, 1575, 51
530, 1575, 54
292, 1636, 54
292, 1636, 54
31, 1708, 67
31, 1708, 67
31, 1708, 50
37, 1675, 50
37, 1675, 50
-9, 1682, 36
-9, 1682, 36
-9, 1682, 36
-27, 1685, 39
-27, 1685, 39
-27, 1627, 28
111, 1627, 28
111, 1627, 28
246, 1595, 30
246, 1595, 30
246, 1595, 40
196, 1607, 40
196, 1607, 40
185, 1617, 37
185, 1617, 37
185, 1617, 19
117, 1660, 19
117, 1660, 19
-187, 1697, 8
-187, 1697, 8
-187, 1697, 8
-672, 1697, 27
-672, 1697, 27
-1072, 1671, 61
-1072, 1671, 61
-1072, 1671, 100
-1205, 1742, 100
-1205, 1742, 100
-660, 1720, 63
-660, 1720, 63
-660, 1674, 47
-333, 1674, 47
-333, 1674, 47
-721, 1653, 51
-721, 1653, 51
-721, 1638, 37
-1044, 1638, 37
-1044, 1638, 37
-1341, 1712, 28
-1341, 1712, 28
-1511, 1727, 46
-1511, 1727, 46
-1511, 1727, 33
-1114, 1619, 33
-1114, 1619, 33
2084, 142
-335, 2084, 142
-335, 1927, 94
5, 1927, 94
5, 1927, 94
-167, 1900, 83
-167, 1900, 83
-167, 1847, 93
-488, 1847, 93
-488, 1847, 93
-689, 1749, 69
-689, 1749, 69
-689, 1857, 101
-856, 1857, 101
-856, 1857, 101
-599, 1886, 129
-599, 1886, 129
-599, 1921, 142
-294, 1921, 142
-294, 1921, 142
-230, 2055, 168
-230, 2055, 168
45, 2091, 157
45, 2091, 157
45, 2091, 146
105, 2093, 146
105, 2093, 146
83, 2087, 153
83, 2087, 153
83, 2087, 153
223, 2018, 128
223, 2018, 128
-343, 2115, 155
-343, 2115, 155
-343, 2115, 141
-74, 2034, 141
-74, 2034, 141
412, 1904, 123
412, 1904, 123
412, 1904, 132
15, 2017, 132
15, 2017, 132
145, 1967, 129
145, 1967, 129
145, 1967, 99
654, 1833, 99
654, 1833, 99
190, 2003, 139
190, 2003, 139
190, 2003, 139
267, 1927, 145
267, 1927, 145
925, 1757, 113
925, 1757, 113
925, 1757, 122
775, 1831, 122
775, 1831, 122
638, 1848, 90
638, 1848, 90
638, 1848, 90
833, 1839, 84
833, 1839, 84
594, 1940, 124
594, 1940, 124
594, 1940, 124
513, 1947, 138
513, 1947, 138
795, 1899, 128
795, 1899, 128
795, 1899, 128
999, 1829, 101
999, 1829, 101
597, 1998, 125
597, 1998, 125
597, 1998, 98
773, 1851, 98
773, 1851, 98
1478, 1702, 60
1478, 1702, 60
1478, 1702, 60
526, 2032, 130
526, 2032, 130
190, 2076, 117
190, 2076, 117
190, 2076, 117
576, 2130, 143
576, 2130, 143
584, 2093, 188
584, 2093, 188
584, 2093, 153
1079, 1988, 153
1079, 1988, 153
1136, 1983, 144
1136, 1983, 144
1136, 1983, 100
1379, 1928, 100
1379, 1928, 100
866, 2075, 125
866, 2075, 125
866, 2037, 107
965, 2037, 107
965, 2037, 107
731, 2160, 130
731, 2160, 130
731, 1940, 114
1096, 1940, 114
1096, 1940, 114
1572, 1798, 91
1572, 1798, 91
1572, 1971, 134
817, 1971, 134
817, 1971, 134
818, 1883, 119
818, 1883, 119
818, 1682, 92
1339, 1682, 92
1339, 1682, 92
1531, 1516, 70
1531, 1516, 70
1531, 1342, 38
1629, 1342, 38
1629, 1342, 38
935, 1510, 54
935, 1510, 54
935, 1723, 74
47, 1723, 74
47, 1723, 74
430, 1562, 44
430, 1562, 44
430, 1327, 28
939, 1327, 28
939, 1327, 28
619, 1372, 29
619, 1372, 29
619, 1372, 40
107, 1433, 40
107, 1433, 40
483, 1186, 23
483, 1186, 23
483, 1186, 6
795, 982, 6
795, 982, 6
795, 892, -9
602, 892, -9
602, 892, -9
345, 856, -8
345, 856, -8
345, 856, -7
281, 758, -7
281, 758, -7
281, 626, -24
353, 626, -24
353, 626, -24
180, 535, -32
180, 535, -32
180, 535, -35
-74, 482, -35
-74, 482, -35
-223, 423, -50
-223, 423, -50
-223, 423, -56
-384, 397, -56
-384, 397, -56
-553, 386, -49
-553, 386, -49
-553, 386, -49
-668, 369, -52
-668, 369, -52
-668, 370, -53
-755, 370, -53
-755, 370, -53
-831, 369, -58
-831, 369, -58
-831, 358, -69
-925, 358, -69
-925, 358, -69
-973, 354, -62
-973, 354, -62
-973, 364, -54
-993, 364, -54
-993, 364, -54
-1000, 348, -61
-1000, 348, -61
-1000, 350, -66
-967, 350, -66
-967, 350, -66
-862, 354, -64
-862, 354, -64
-862, 352, -61
-713, 352, -61
-713, 352, -61
-573, 336, -70
-573, 336, -70
-573, 336, -73
-459, 325, -73
-459, 325, -73
-382, 350, -77
-382, 350, -77
-382, 350, -73
-321, 364, -73
-321, 364, -73
-276, 368, -74
-276, 368, -74
-276, 368, -74
-262, 374, -69
-262, 374, -69
-262, 388, -65
-234, 388, -65
-234, 388, -65
-179, 395, -63
-179, 395, -63
-179, 387, -62
-144, 387, -62
-144, 387, -62
-128, 396, -53
-128, 396, -53
-128, 396, -53
-94, 396, -53
-94, 396, -53
-52, 404, -61
-52, 404, -61
-52, 404, -52
24, 408, -52
24, 408, -52
82, 436, -47
82, 436, -47
82, 436, -47
193, 450, -45
193, 450, -45
193, 459, -61
287, 459, -61
287, 459, -61
306, 458, -56
306, 458, -56
306, 458, -55
288, 457, -55
288, 457, -55
342, 496, -60
342, 496, -60
342, 496, -60
409, 520, -58
409, 520, -58
409, 516, -46
434, 516, -46
434, 516, -46
379, 505, -48
379, 505, -48
379, 505, -53
329, 476, -53
329, 476, -53
271, 453, -60
271, 453, -60
271, 453, -52
249, 439, -52
285, 402, -50
-85, 402, -50
-115, 396, -56
-115, 396, -56
-115, 396, -56
-137, 391, -51
-137, 391, -51
-137, 379, -51
-139, 379, -51
-139, 379, -51
-101, 375, -54
-101, 375, -54
-101, 381, -47
-69, 381, -47
-69, 381, -47
-69, 393, -49
-69, 393, -49
-69, 393, -57
-58, 387, -57
-58, 387, -57
-16, 397, -42
-16, 397, -42
-16, 397, -42
-1, 382, -42
-1, 382, -42
-1, 382, -58
-35, 382, -58
-35, 382, -58
-82, 376, -51
-82, 376, -51
-82, 376, -49
-143, 390, -49
-143, 390, -49
-205, 384, -45
-205, 384, -45
-205, 384, -54
-248, 371, -54
-248, 371, -54
-279, 372, -56
-279, 372, -56
-279, 372, -56
-303, 365, -61
-303, 365, -61
-303, 362, -57
-306, 362, -57
-306, 362, -57
-280, 356, -64
-280, 356, -64
-280, 362, -53
-306, 362, -53
-306, 362, -53
-392, 362, -46
-392, 362, -46
-392, 356, -49
-475, 356, -49
-475, 356, -49
-558, 342, -60
-558, 342, -60
-558, 342, -63
-652, 337, -63
-652, 337, -63
-712, 352, -63
-712, 352, -63
-712, 352, -56
-732, 353, -56
-732, 353, -56
-742, 361, -67
-742, 361, -67
-742, 361, -68
-696, 361, -68
-696, 361, -68
-608, 365, -61
-608, 365, -61
-608, 365, -61
-478, 375, -54
-478, 375, -54
-478, 380, -54
-369, 380, -54
-369, 380, -54
-282, 379, -55
-282, 379, -55
-282, 375, -57
-209, 375, -57
-209, 375, -57
-186, 375, -54
-186, 375, -54
-186, 380, -51
-244, 380, -51
-244, 380, -51
-335, 365, -54
-335, 365, -54
-335, 365, -57
-475, 363, -57
-475, 363, -57
-671, 373, -56
-671, 373, -56
-671, 373, -61
-846, 373, -61
-846, 373, -61
-1011, 370, -58
-1011, 370, -58
-1011, 370, -61
-1174, 361, -61
-1174, 361, -61
-1285, 364, -64
-1285, 364, -64
-1285, 364, -65
-1358, 356, -65
-1358, 356, -65
-1430, 353, -73
-1430, 353, -73
-1430, 337, -74
-1482, 337, -74
-1482, 337, -74
-1374, 217, -71
-1374, 217, -71
-1374, -112, -95
-626, -112, -95
-626, -112, -95
-96, -273, -125
-96, -273, -125
-96, -304, -134
-243, -304, -134
-243, -304, -134
-610, -273, -132
-610, -273, -132
-910, -290, -137
-910, -290, -137
-910, -290, -153
-786, -428, -153
-786, -428, -153
-811, -551, -152
-811, -551, -152
-811, -828, -162
-585, -828, -162
-585, -828, -162
-306, -1026, -191
-306, -1026, -191
-1089, -850, -194
-1089, -850, -194
-1089, -850, -197
-1138, -999, -197
-1138, -999, -197
-617, -1253, -223
-617, -1253, -223
-617, -1449, -245
-348, -1449, -245
-348, -1449, -245
-502, -1539, -264
-502, -1539, -264
-450, -1723, -272
-450, -1723, -272
-450, -1723, -289
-339, -1879, -289
-339, -1879, -289
24, -2150, -289
24, -2150, -289
24, -2303, -320
321, -2303, -320
321, -2303, -320
-214, -2324, -382
-214, -2324, -382
-214, -2522, -390
-379, -2522, -390
-379, -2522, -390
-364, -2670, -363
-364, -2670, -363
-61, -2880, -373
-61, -2880, -373
-61, -2880, -378
-151, -2985, -378
-151, -2985, -378
90, -3161, -361
90, -3161, -361
90, -3443, -414
1022, -3443, -414
1022, -3443, -414
891, -3494, -457
891, -3494, -457
891, -3687, -426
683, -3687, -426
683, -3687, -433
626, -3764, -433
626, -3764, -433
982, -3899, -394
982, -3899, -394
982, -3899, -386
641, -3803, -386
641, -3803, -386
251, -3675, -439
251, -3675, -439
251, -3620, -383
171, -3620, -383
171, -3620, -383
-530, -3410, -355
-530, -3410, -355
-1387, -3182, -372
-1387, -3182, -372
-1387, -3182, -356
-917, -3139, -356
-917, -3139, -356
-1573, -2914, -417
-1573, -2914, -417
-1311, -2900, -420
-1311, -2900, -420
-1311, -2900, -459
-1967, -2653, -459
-1967, -2653, -459
-2829, -2385, -511
-2829, -2385, -511
-1523, -2523, -459
-1523, -2523, -459
-1523, -2764, -315
-305, -2764, -315
-305, -2764, -315
-804, -2607, -285
-804, -2607, -285
-1714, -2328, -336
-1714, -2328, -336
-1714, -2185, -331
-2046, -2185, -331
-2046, -2185, -331
-2226, -2069, -336
-2226, -2069, -336
-1967, -2001, -396
-1967, -2001, -396
-1967, -2084, -391
-1129, -2084, -391
-1129, -2084, -391
-10575, -1485, -268
-75, -1485, -268
169, -1622, -276
169, -1622, -276
169, -1720, -275
199, -1720, -275
199, -1720, -275
266, -1840, -305
266, -1840, -305
266, -1836, -344
-2, -1836, -344
-2, -1836, -344
-65, -1902, -331
-65, -1902, -331
-65, -1973, -363
16, -1973, -363
16, -1973, -363
116, -2074, -329
116, -2074, -329
64, -2072, -342
64, -2072, -342
64, -2072, -342
-468, -1838, -366
-468, -1838, -366
-598, -1721, -452
-598, -1721, -452
-598, -1721, -436
-366, -1792, -436
-366, -1792, -436
-69, -2003, -325
-69, -2003, -325
-69, -1881, -308
-418, -1881, -308
-418, -1881, -308
-817, -1701, -340
-817, -1701, -340
-538, -1847, -271
-538, -1847, -271
-538, -1847, -259
-440, -1825, -259
-440, -1825, -259
-804, -1619, -266
-804, -1619, -266
-804, -1475, -283
-1091, -1475, -283
-1091, -1475, -283
-1007, -1475, -297
-1007, -1475, -297
-644, -1542, -288
-644, -1542, -288
-644, -1542, -267
-719, -1478, -267
-719, -1478, -267
-1194, -1202, -329
-1194, -1202, -329
-856, -1297, -294
-856, -1297, -294
-856, -1297, -261
-512, -1326, -261
-512, -1326, -261
-436, -1237, -218
-436, -1237, -218
-436, -1189, -180
-306, -1189, -180
-306, -1189, -180
-341, -1019, -208
-341, -1019, -208
-313, -879, -244
-313, -879, -244
-313, -879, -246
-41, -862, -246
-41, -862, -246
-75, -786, -241
-75, -786, -241
-75, -786, -252
-105, -680, -252
-105, -680, -252
363, -781, -210
363, -781, -210
363, -780, -168
801, -780, -168
801, -780, -168
549, -615, -154
549, -615, -154
549, -393, -155
-124, -393, -155
-124, -393, -155
-175, -353, -155
-175, -353, -155
240, -409, -149
240, -409, -149
240, -409, -136
512, -426, -136
512, -426, -136
328, -295, -154
328, -295, -154
328, -295, -148
334, -275, -148
334, -275, -148
117, -133, -159
117, -133, -159
117, -171, -164
281, -171, -164
281, -171, -164
396, -178, -164
396, -178, -164
396, -236, -148
520, -236, -148
520, -236, -148
710, -338, -146
710, -338, -146
710, -378, -124
780, -378, -124
780, -378, -124
1024, -464, -120
1024, -464, -120
1415, -614, -97
1415, -614, -97
1415, -614, -76
1613, -647, -76
1613, -647, -76
1487, -604, -76
1487, -604, -76
1487, -604, -86
1416, -577, -86
1416, -577, -86
1260, -510, -94
1260, -510, -94
1260, -510, -122
1028, -386, -122
1028, -386, -122
977, -351, -142
977, -351, -142
977, -425, -138
1152, -425, -138
1152, -425, -138
1381, -488, -145
1381, -488, -145
1612, -574, -140
1612, -574, -140
1612, -574, -151
1628, -614, -151
1628, -614, -151
1376, -566, -149
1376, -566, -149
1376, -557, -149
1243, -557, -149
1243, -557, -149
1281, -580, -153
1281, -580, -153
1493, -661, -153
1493, -661, -153
1493, -661, -157
1570, -707, -157
1570, -707, -157
1619, -736, -157
1619, -736, -157
1619, -789, -162
1732, -789, -162
1732, -789, -162
1769, -809, -180
1769, -809, -180
1945, -919, -171
1945, -919, -171
1945, -919, -138
2303, -1132, -138
2303, -1132, -138
1570, -956, -174
1570, -956, -174
1570, -949, -194
1314, -949, -194
1314, -949, -194
1269, -998, -195
1269, -998, -195
1337, -1099, -205
1337, -1099, -205
1337, -1099, -197
1576, -1217, -197
1576, -1217, -197
1576, -1282, -214
1576, -1282, -214
1576, -1388, -222
1860, -1388, -222
1860, -1388, -222
2076, -1491, -192
2076, -1491, -192
1880, -1463, -183
1880, -1463, -183
1880, -1463, -166
1787, -1539, -166
1787, -1539, -166
1697, -1597, -153
1697, -1597, -153
1697, -1501, -178
1158, -1501, -178
1158, -1501, -178
643, -1422, -188
643, -1422, -188
481, -1416, -187
481, -1416, -187
481, -1416, -187
172, -1355, -187
172, -1355, -187
-72, -1290, -194
-72, -1290, -194
-72, -1296, -190
-234, -1296, -190
-234, -1296, -190
-219, -1357, -164
-219, -1357, -164
-219, -1308, -215
-412, -1308, -215
-412, -1308, -219
-472, -1321, -219
-472, -1321, -219
-657, -1323, -200
-657, -1323, -200
-657, -1323, -209
-718, -1322, -209
-7-1222, -187
-1029, -1106, -209
-1486, -1106, -209
-1486, -1106, -209
-1534, -1220, -210
-1534, -1220, -210
-1600, -1313, -195
-1600, -1313, -195
-1600, -1404, -198
-1705, -1404, -198
-1705, -1404, -221
-1951, -1436, -221
-1951, -1436, -221
-2115, -1488, -261
-2115, -1488, -261
-2115, -1705, -239
-1829, -1705, -239
-1829, -1705, -261
-1930, -1731, -261
-1930, -1731, -261
-2150, -1749, -275
-2150, -1749, -275
-1929, -1943, -278
-1929, -1943, -278
-1929, -1943, -277
-1754, -2141, -277
-1754, -2141, -277
-1930, -2144, -335
-1930, -2144, -335
-2070, -2151, -355
-2070, -2151, -355
-2070, -2287, -364
-1902, -2287, -364
-1902, -2287, -364
-1588, -2511, -352
-1588, -2511, -352
-1822, -2451, -350
-1822, -2451, -350
-1822, -2399, -363
-1996, -2399, -363
-1996, -2399, -391
-2021, -2353, -391
-2021, -2353, -391
-1788, -2306, -379
-1788, -2306, -379
-1555, -2304, -361
-1555, -2304, -361
-1555, -2304, -334
-1550, -2356, -334
-1550, -2356, -334
-1793, -2305, -368
-1793, -2305, -368
-1604, -2425, -383
-1604, -2425, -383
-1604, -2463, -410
-1506, -2463, -410
-1506, -2463, -410
-1449, -2537, -388
-1449, -2537, -388
-1308, -2608, -377
-1308, -2608, -377
-1308, -2452, -387
-1675, -2452, -387
-1675, -2452, -371
-1941, -2314, -371
-1941, -2314, -371
-2127, -2191, -383
-2127, -2191, -383
-2127, -2202, -414
-2019, -2202, -414
-2019, -2202, -409
-1691, -2291, -409
-1691, -2291, -409
-1817, -2269, -427
-1817, -2269, -427
-1962, -2274, -417
-1962, -2274, -417
-1962, -2274, -409
-1613, -2428, -409
-1613, -2428, -409
-1490, -2438, -441
-1490, -2438, -441
-1543, -2406, -440
-1543, -2406, -440
-1543, -2442, -445
-1367, -2442, -445
-1367, -2442, -445
-995, -2529, -436
-995, -2529, -436
-882, -2492, -429
-882, -2492, -429
-882, -2492, -436
-903, -2390, -436
-903, -2390, -436
-636, -2361, -449
-636, -2361, -449
-636, -2339, -438
-299, -2339, -438
-299, -2339, -438
-13, -2305, -388
-13, -2305, -388
50, -2220, -378
50, -2220, -378
50, -2220, -364
107, -2123, -364
107, -2123, -364
-254, -1927, -383
-254, -1927, -383
-254, -1927, -377
-143, -1886, -377
-143, -1886, -377
401, -1905, -375
401, -1905, -375
401, -1919, -348
853, -1919, -348
853, -1919, -348
823, -1901, -350
823, -1901, -350
718, -1854, -346
718, -1854, -346
718, -1854, -296
986, -1798, -296
986, -1798, -296
1232, -1696, -290
1232, -1696, -290
1232, -1480, -309
816, -1480, -309
816, -1480, -309
774, -1378, -301
774, -1378, -301
798, -1396, -302
798, -1396, -302
798, -1396, -274
1034, -1491, -274
1034, -1491, -274
1057, -1489, -284
1057, -1489, -284
1057, -1419, -280
1059, -1419, -280
1059, -1419, -280
1213, -1397, -271
1213, -1397, -271
1063, -1328, -266
1063, -1328, -266
1063, -1328, -245
842, -1281, -245
842, -1281, -245
912, -1293, -240
912, -1293, -240
912, -1241, -257
900, -1241, -257
900, -1241, -257
774, -1218, -248
774, -1218, -248
763, -1231, -250
763, -1231, -250
763, -1231, -263
911, -1267, -263
911, -1267, -263
966, -1332, -256
966, -1332, -256
966, -1376, -224
987, -1376, -224
987, -1376, -224
938, -1356, -236
938, -1356, -236
750, -1274, -227
750, -1274, -227
750, -1274, -212
399, -1181, -212
399, -1181, -212
70, -1150, -212
70, -1150, -212
70, -1098, -222
-129, -1098, -222
-129, -1098, -222
-438, -1020, -230
-438, -1020, -230
-438, -989, -242
-769, -989, -242
-769, -989, -245
-453, -1178, -245
-453, -1178, -245
-349, -1314, -261
-349, -1314, -261
-349, -1314, -257
-585, -1337, -257
-585, -1337, -257
-662, -1360, -270
-662, -1360, -270
-662, -1449, -278
-442, -1449, -278
-442, -1449, -278
-285, -1542, -264
-285, -1542, -264
-368, -1551, -283
-368, -1551, -283
-368, -1551, -290
-346, -1570, -290
-346, -1570, -290
-565, -1562, -277
-565, -1562, -277
-565, -1502, -283
-804, -1502, -283
-804, -1502, -283
-973, -1516, -269
-973, -1516, -269
-1280, -1465, -281
-116, -1035, -330
119, -1045, -327
119, -1045, -327
119, -1045, -303
394, -1090, -303
394, -1090, -303
702, -1130, -286
702, -1130, -286
702, -1095, -261
731, -1095, -261
731, -1095, -261
921, -1112, -219
921, -1112, -219
779, -1049, -215
779, -1049, -215
779, -1049, -222
609, -1015, -222
609, -1015, -222
565, -1004, -212
565, -1004, -212
565, -993, -194
604, -993, -194
604, -993, -194
681, -996, -168
681, -996, -168
681, -988, -161
780, -988, -161
780, -988, -161
569, -903, -207
569, -903, -207
569, -843, -258
650, -843, -258
650, -843, -258
997, -861, -270
997, -861, -270
1407, -965, -252
1407, -965, -252
1407, -965, -261
1671, -1114, -261
1671, -1114, -261
1742, -1204, -277
1742, -1204, -277
1742, -1263, -279
1662, -1263, -279
1662, -1263, -279
1810, -1312, -276
1810, -1312, -276
1824, -1325, -280
1824, -1325, -280
1824, -1325, -281
1450, -1323, -281
1450, -1323, -281
1245, -1295, -301
1245, -1295, -301
1245, -1308, -276
1521, -1308, -276
1521, -1308, -276
1394, -1276, -308
1394, -1276, -308
1429, -1248, -318
1429, -1248, -318
1429, -1248, -298
1397, -1265, -298
1397, -1265, -298
1457, -1296, -286
1457, -1296, -286
1457, -1314, -261
1830, -1314, -261
1830, -1314, -248
2137, -1362, -248
2137, -1362, -248
1662, -1312, -243
1662, -1312, -243
1662, -1234, -224
1259, -1234, -224
1259, -1234, -224
1036, -1171, -202
1036, -1171, -202
966, -1137, -191
966, -1137, -191
966, -1137, -201
1187, -1155, -201
1187, -1155, -201
1182, -1158, -199
1182, -1158, -199
1182, -1154, -197
1193, -1154, -197
1193, -1154, -197
1326, -1177, -192
1326, -1177, -192
1252, -1145, -198
1252, -1145, -198
1252, -1145, -198
1013, -1049, -198
1013, -1049, -198
872, -963, -189
872, -963, -189
872, -963, -177
590, -819, -177
590, -819, -177
652, -777, -170
652, -777, -170
652, -788, -142
1055, -788, -142
1055, -788, -142
1170, -759, -113
1170, -759, -113
999, -738, -103
999, -738, -103
999, -738, -132
662, -652, -132
662, -652, -132
325, -556, -155
325, -556, -155
325, -556, -161
80, -449, -161
80, -449, -161
46, -425, -162
46, -425, -162
46, -425, -153
241, -474, -153
241, -474, -153
398, -518, -154
398, -518, -154
398, -518, -169
369, -556, -169
369, -556, -169
137, -565, -170
137, -565, -170
137, -565, -169
-142, -557, -169
-142, -557, -169
-404, -543, -159
-404, -543, -159
-404, -588, -161
-504, -588, -161
-504, -588, -161
-445, -668, -178
-445, -668, -178
-395, -782, -189
-395, -782, -189
-395, -782, -200
-319, -887, -200
-319, -887, -200
-170, -992, -247
-170, -992, -247
-170, -1106, -260
151, -1106, -260
151, -1106, -260
299, -1200, -271
299, -1200, -271
416, -1280, -277
416, -1280, -277
416, -1280, -266
470, -1359, -266
470, -1359, -266
743, -1471, -231
743, -1471, -231
743, -1608, -186
1183, -1608, -186
1183, -1608, -186
1438, -1710, -167
1438, -1710, -167
1156, -1775, -192
1156, -1775, -192
1156, -1775, -238
665, -1735, -238
665, -1735, -238
497, -1653, -271
497, -1653, -271
497, -1551, -276
-129, -1551, -276
-129, -1551, -276
-349, -1523, -278
-349, -1523, -278
-406, -1488, -271
-406, -1488, -271
-406, -1488, -253
-415, -1478, -253
-415, -1478, -253
-162, -1524, -235
-162, -1524, -235
-162, -1654, -231
-166, -1654, -231
-166, -1654, -231
-47, -1795, -226
-47, -1795, -226
-47, -1839, -225
-16, -1839, -225
-16, -1839, -225
-56, -1856, -245
-56, -1856, -245
-205, -1807, -257
-205, -1807, -257
-205, -1807, -241
-87, -1809, -241
-87, -1809, -241
262, -1855, -224
262, -1855, -224
262, -1975, -205
354, -1975, -205
354, -1975, -205
482, -2086, -196
482, -2086, -196
482, -2133, -204
524, -2133, -204
524, -2133, -204
100, -2053, -253
100, -2053, -253
-246, -1942, -300
-246, -1942, -300
-246, -1942, -289
-15, -1924, -289
-15, -1924, -289
178, -2002, -258
178, -2002, -258
178, -2056, -253
148, -2056, -253
148, -2056,
1515, -1611, -190
1515, -1611, -190
1482, -1673, -243
1482, -1673, -243
1482, -1673, -301
1669, -1749, -301
1669, -1749, -301
2148, -1854, -303
2148, -1854, -303
2148, -2076, -234
2580, -2076, -234
2580, -2076, -234
2689, -2232, -179
2689, -2232, -179
2348, -2166, -123
2348, -2166, -123
2348, -2166, -173
1236, -2055, -173
1236, -2055, -173
848, -2063, -175
848, -2063, -175
848, -1962, -194
335, -1962, -194
335, -1962, -194
91, -1915, -173
91, -1915, -173
-109, -1926, -167
-109, -1926, -167
-109, -1926, -157
-446, -1923, -157
-446, -1923, -157
-858, -1875, -191
-858, -1875, -191
-858, -1875, -213
-1150, -1847, -213
-1150, -1847, -213
-1339, -1876, -223
-1339, -1876, -223
-1442, -1929, -233
-1442, -1929, -233
-1442, -1933, -230
-1673, -1933, -230
-1673, -1933, -230
-1925, -1933, -238
-1925, -1933, -238
-2089, -1951, -253
-2089, -1951, -253
-2089, -1982, -246
-2170, -1982, -246
-2170, -1982, -246
-2185, -2024, -254
-2185, -2024, -254
-2078, -2080, -262
-2078, -2080, -262
-2078, -2122, -279
-2031, -2122, -279
-2031, -2122, -321
-1998, -2136, -321
-1998, -2136, -321
-1790, -2208, -325
-1790, -2208, -325
-1331, -2322, -283
-1331, -2322, -283
-1331, -2322, -252
-1219, -2344, -252
-1219, -2344, -252
-1564, -2262, -269
-1564, -2262, -269
-1811, -2183, -299
-1811, -2183, -299
-1811, -2098, -315
-1952, -2098, -315
-1952, -2098, -315
-2169, -1991, -320
-2169, -1991, -320
-2201, -1984, -284
-2201, -1984, -284
-2201, -1997, -277
-2135, -1997, -277
-2135, -1997, -303
-2239, -1960, -303
-2239, -1960, -303
-2260, -1973, -324
-2260, -1973, -324
-2055, -2080, -332
-2055, -2080, -332
-2055, -2080, -315
-1772, -2201, -315
-1772, -2201, -315
-1528, -2206, -310
-1528, -2206, -310
-1537, -2185, -319
-1537, -2185, -319
-1537, -2185, -341
-1670, -2162, -341
-1670, -2162, -341
-1620, -2133, -353
-1620, -2133, -353
-1339, -2134, -321
-1339, -2134, -321
-1339, -2184, -320
-1244, -2184, -320
-1244, -2184, -320
-1356, -2179, -311
-1356, -2179, -311
-1410, -2149, -285
-1410, -2149, -285
-1410, -1901, -337
-1928, -1901, -337
-1928, -1901, -393
-2236, -1725, -393
-2236, -1725, -393
-1919, -1818, -404
-1919, -1818, -404
-1379, -2081, -376
-1379, -2081, -376
-1379, -2081, -358
-875, -2348, -358
-875, -2348, -358
-529, -2572, -317
-529, -2572, -317
-529, -2778, -283
-284, -2778, -283
-284, -2778, -283
-596, -2756, -342
-596, -2756, -342
-946, -2621, -394
-946, -2621, -394
-946, -2621, -408
-1287, -2479, -408
-1287, -2479, -408
-1608, -2392, -425
-1608, -2392, -425
-1842, -2342, -418
-1842, -2342, -418
-1842, -2342, -397
-1778, -2297, -397
-1778, -2297, -397
-1744, -2277, -391
-1744, -2277, -391
-1774, -2307, -389
-1774, -2307, -389
-1774, -2298, -403
-2003, -2298, -403
-2003, -2298, -403
-1947, -2294, -438
-1947, -2294, -438
-1935, -2257, -441
-1935, -2257, -441
-1935, -2217, -431
-2011, -2217, -431
-2011, -2217, -413
-2145, -2245, -413
-2145, -2245, -413
-1994, -2316, -390
-1994, -2316, -390
-1869, -2359, -417
-1869, -2359, -417
-1869, -2359, -427
-1848, -2318, -427
-1848, -2318, -427
-1683, -2323, -399
-1683, -2323, -399
-1494, -2274, -392
-1494, -2274, -392
-1494, -2163, -425
-1607, -2163, -425
-1607, -2163, -425
-1404, -2136, -404
-1404, -2136, -404
-1027, -2117, -352
-1027, -2117, -352
-1027, -1967, -338
-1131, -1967, -338
-1131, -1967, -339
-1282, -1795, -339
-1282, -1795, -339
-1287, -1692, -346
-1287, -1692, -346
-1287, -1673, -338
-1160, -1673, -338
-1160, -1673, -343
-1115, -1626, -343
-1115, -1626, -343
-1246, -1566, -335
-1246, -1566, -335
-1341, -1506, -333
-1341, -1506, -333
-1341, -1506, -327
-1266, -1436, -327
-1266, -1436, -327
-1243, -1375, -335
-1243, -1375, -335
-1206, -1345, -337
-1206, -1345, -337
-1206, -1362, -348
-917, -1362, -348
-917, -1362, -348
-649, -1401, -362
-649, -1401, -362
-308, -1420, -357
550, -1489, -270
430, -1414, -330
430, -1414, -330
430, -1414, -320
490, -1456, -320
490, -1456, -320
580, -1521, -292
580, -1521, -292
580, -1521, -288
640, -1551, -288
640, -1551, -288
617, -1552, -268
617, -1552, -268
617, -1530, -239
514, -1530, -239
514, -1530, -239
411, -1505, -229
411, -1505, -229
300, -1452, -204
300, -1452, -204
300, -1452, -197
147, -1390, -197
147, -1390, -197
-149, -1296, -186
-149, -1296, -186
-149, -1153, -203
-686, -1153, -203
-686, -1153, -203
-1168, -1040, -187
-1168, -1040, -187
-1394, -1019, -181
-1394, -1019, -181
-1394, -1038, -198
-1495, -1038, -198
-1495, -1038, -198
-1561, -1084, -222
-1561, -1084, -222
-1516, -1177, -256
-1516, -1177, -256
-1516, -1338, -291
-1216, -1338, -291
-1216, -1338, -319
-720, -1570, -319
-720, -1570, -319
-354, -1746, -324
-354, -1746, -324
-354, -1847, -313
-135, -1847, -313
-135, -1847, -313
43, -1922, -294
43, -1922, -294
43, -1973, -255
209, -1973, -255
209, -1973, -255
136, -1899, -251
136, -1899, -251
-98, -1768, -289
-98, -1768, -289
-98, -1768, -316
-88, -1736, -316
-88, -1736, -316
-5, -1745, -297
-5, -1745, -297
-5, -1745, -294
14, -1748, -294
14, -1748, -294
52, -1792, -304
52, -1792, -304
52, -1792, -288
137, -1825, -288
137, -1825, -288
245, -1814, -294
245, -1814, -294
245, -1683, -308
153, -1683, -308
153, -1683, -308
57, -1591, -296
57, -1591, -296
57, -1579, -262
280, -1579, -262
280, -1579, -262
340, -1511, -251
340, -1511, -251
66, -1399, -259
66, -1399, -259
66, -1399, -259
130, -1430, -251
130, -1430, -251
96, -1378, -256
96, -1378, -256
96, -1378, -261
-189, -1284, -261
-189, -1284, -261
41, -1339, -262
41, -1339, -262
41, -1339, -248
462, -1321, -248
462, -1321, -248
442, -1225, -203
442, -1225, -203
442, -1141, -192
152, -1141, -192
152, -1141, -192
-121, -1081, -194
-121, -1081, -194
-148, -1078, -217
-148, -1078, -217
-148, -1078, -213
14, -1081, -213
14, -1081, -213
97, -1090, -206
97, -1090, -206
97, -1090, -226
250, -1135, -226
250, -1135, -226
509, -1198, -225
509, -1198, -225
509, -1198, -216
616, -1172, -216
616, -1172, -216
603, -1141, -221
603, -1141, -221
603, -1131, -208
684, -1131, -208
684, -1131, -208
690, -1116, -210
690, -1116, -210
614, -1101, -227
614, -1101, -227
614, -1101, -213
936, -1140, -213
936, -1140, -213
1391, -1191, -186
1391, -1191, -186
1391, -1269, -143
1642, -1269, -143
1642, -1269, -143
1830, -1341, -68
1830, -1341, -68
1740, -1307, -18
1740, -1307, -18
1740, -1307, -110
767, -1059, -110
767, -1059, -110
-623, -659, -170
-623, -659, -170
-623, -562, -217
-1016, -562, -217
-1016, -562, -217
-714, -648, -231
-714, -648, -231
-593, -685, -222
-593, -685, -222
-593, -685, -193
-492, -633, -193
-492, -633, -193
-417, -600, -184
-417, -600, -184
-417, -572, -170
-505, -572, -170
-505, -572, -170
-636, -549, -160
-636, -549, -160
-732, -544, -167
-732, -544, -167
-732, -544, -170
-695, -586, -170
-695, -586, -170
-474, -715, -175
-474, -715, -175
-474, -839, -172
-227, -839, -172
-227, -839, -172
-81, -937, -187
-81, -937, -187
-66, -975, -196
-66, -975, -196
-66, -975, -207
-30, -1007, -207
-30, -1007, -207
93, -1043, -214
93, -1043, -214
93, -1043, -214
213, -1083, -214
213, -1083, -214
379, -1146, -221
379, -1146, -221
379, -1146, -209
512, -1205, -209
512, -1205, -209
449, -1182, -191
449, -1182, -191
449, -1161, -202
377, -1161, -202
377, -1161, -202
379, -1196, -203
379, -1196, -203
371, -1217, -200
371, -1217, -200
371, -1217, -198
116, -1179, -198
116, -1179, -198
-33, -1183, -195
-33, -1183, -195
-33, -1183, -192
-71, -1193, -192
-71, -1193, -192
-300, -1131, -201
-300, -1131, -201
-300, -1049, -219
-564, -1049, -219
-564, -1049, -219
-607, -1064, -227
-607, -1064, -227
-506, -1152, -233
-506, -1152, -233
-506, -1152, -241
-282, -1297, -241
-282, -1297, 
-775, -1132, -233
-949, -1009, -233
-949, -1009, -233
-984, -907, -234
-984, -907, -234
-984, -907, -251
-742, -899, -251
-742, -899, -251
-131, -980, -236
-131, -980, -236
-131, -1014, -209
190, -1014, -209
190, -1014, -209
133, -1005, -213
133, -1005, -213
212, -1053, -202
212, -1053, -202
212, -1053, -208
367, -1087, -208
367, -1087, -208
607, -1123, -174
607, -1123, -174
607, -1201, -151
860, -1201, -151
860, -1201, -151
1031, -1268, -150
1031, -1268, -150
863, -1215, -145
863, -1215, -145
863, -1215, -179
568, -1117, -179
568, -1117, -179
631, -1126, -182
631, -1126, -182
631, -1014, -203
376, -1014, -203
376, -1014, -203
-389, -766, -225
-389, -766, -225
-490, -715, -263
-490, -715, -263
-490, -715, -267
-521, -678, -267
-521, -678, -267
-552, -668, -264
-552, -668, -264
-552, -683, -260
-508, -683, -260
-508, -683, -260
-424, -698, -249
-424, -698, -249
-391, -694, -234
-391, -694, -234
-391, -694, -193
-451, -648, -193
-451, -648, -193
-764, -548, -168
-764, -548, -168
-764, -442, -157
-1183, -442, -157
-1183, -442, -157
-1406, -420, -155
-1406, -420, -155
-1174, -502, -160
-1174, -502, -160
-1174, -502, -168
-696, -638, -168
-696, -638, -168
-504, -753, -177
-504, -753, -177
-504, -861, -194
-502, -861, -194
-502, -861, -194
-270, -978, -218
-270, -978, -218
-67, -1046, -252
-67, -1046, -252
-67, -1046, -279
439, -1272, -279
439, -1272, -279
1356, -1572, -290
1356, -1572, -290
1356, -1682, -301
1495, -1682, -301
1495, -1682, -301
1832, -1745, -264
1832, -1745, -264
1633, -1759, -231
1633, -1759, -231
1633, -1759, -225
1483, -1736, -225
1483, -1736, -225
717, -1626, -317
717, -1626, -317
717, -1509, -440
441, -1509, -440
441, -1509, -440
489, -1483, -438
489, -1483, -438
923, -1649, -353
923, -1649, -353
923, -1649, -247
1138, -1797, -247
1138, -1797, -247
1231, -1812, -163
1231, -1812, -163
1231, -1710, -172
790, -1710, -172
790, -1710, -172
285, -1579, -263
285, -1579, -263
71, -1465, -270
71, -1465, -270
71, -1465, -270
186, -1459, -208
186, -1459, -208
298, -1445, -197
298, -1445, -197
298, -1445, -164
191, -1426, -164
191, -1426, -164
243, -1448, -146
243, -1448, -146
243, -1422, -175
93, -1422, -175
93, -1422, -175
-49, -1415, -203
-49, -1415, -203
-49, -1331, -195
-125, -1331, -195
-125, -1331, -195
-26, -1308, -174
-26, -1308, -174
142, -1316, -179
142, -1316, -179
142, -1316, -171
229, -1314, -171
229, -1314, -171
164, -1271, -181
164, -1271, -181
164, -1204, -218
118, -1204, -218
118, -1204, -218
176, -1143, -251
176, -1143, -251
377, -1130, -264
377, -1130, -264
377, -1130, -263
885, -1231, -263
885, -1231, -263
1204, -1325, -231
1204, -1325, -231
1204, -1325, -232
1238, -1331, -232
1238, -1331, -232
1182, -1308, -232
1182, -1308, -232
1182, -1252, -248
1055, -1252, -248
1055, -1252, -261
990, -1172, -261
990, -1172, -261
1100, -1185, -256
1100, -1185, -256
1100, -1185, -256
1261, -1200, -256
1261, -1200, -256
1409, -1274, -244
1409, -1274, -244
1409, -1358, -235
1683, -1358, -235
1683, -1358, -215
1847, -1461, -215
1847, -1461, -215
1807, -1485, -204
1807, -1485, -204
1807, -1422, -177
1587, -1422, -177
1587, -1422, -177
1243, -1315, -158
1243, -1315, -158
1037, -1227, -147
1037, -1227, -147
1037, -1227, -132
939, -1175, -132
939, -1175, -132
921, -1179, -132
921, -1179, -132
921, -1179, -113
902, -1185, -113
902, -1185, -113
799, -1152, -126
799, -1152, -126
799, -1105, -146
596, -1105, -146
596, -1105, -146
434, -1100, -153
434, -1100, -153
440, -1143, -159
440, -1143, -159
440, -1143, -158
463, -1209, -158
463, -1209, -158
464, -1256, -157
464, -1256, -157
464, -1255, -173
412, -1255, -173
412, -1255, -173
413, -1284, -179
413, -1284, -179
413, -1307, -184
398, -1307, -184
398, -1307, -184
391, -1333, -161
391, -1333, -161
292, -1319, -142
292, -1319, -142
29-215
530, -1936, -204
85, -1936, -204
85, -1936, -204
-220, -1904, -218
-220, -1904, -218
-263, -1915, -221
-263, -1915, -221
-263, -1915, -230
-304, -1917, -230
-304, -1917, -230
-365, -1917, -234
-365, -1917, -234
-365, -1936, -259
-397, -1936, -259
-397, -1936, -259
-246, -2005, -278
-246, -2005, -278
131, -2127, -259
131, -2127, -259
131, -2127, -239
222, -2198, -239
222, -2198, -239
-93, -2147, -214
-93, -2147, -214
-93, -2029, -199
-661, -2029, -199
-661, -2029, -199
-1428, -1833, -203
-1428, -1833, -203
-2129, -1644, -215
-2129, -1644, -215
-2129, -1571, -215
-2426, -1571, -215
-2426, -1571, -215
-2371, -1656, -219
-2371, -1656, -219
-1721, -1840, -239
-1721, -1840, -239
-1721, -1768, -235
-1713, -1768, -235
-1713, -1768, -223
-2776, -1420, -223
-2776, -1420, -223
-3375, -1163, -228
-3375, -1163, -228
-3313, -1143, -233
-3313, -1143, -233
-3313, -1143, -230
-3060, -1222, -230
-3060, -1222, -230
-2753, -1353, -223
-2753, -1353, -223
-2759, -1348, -237
-2759, -1348, -237
-2759, -1379, -247
-2834, -1379, -247
-2834, -1379, -247
-2204, -1748, -268
-2204, -1748, -268
-1466, -2125, -272
-1466, -2125, -272
-1466, -2224, -257
-1020, -2224, -257
-1020, -2224, -257
-1025, -2174, -265
-1025, -2174, -265
-1209, -2131, -297
-1209, -2131, -297
-1209, -2043, -312
-1480, -2043, -312
-1480, -2043, -313
-1304, -2076, -313
-1304, -2076, -313
-669, -2222, -309
-669, -2222, -309
-669, -2230, -305
-617, -2230, -305
-617, -2230, -305
-745, -2154, -318
-745, -2154, -318
-785, -2086, -341
-785, -2086, -341
-785, -2086, -339
-839, -1983, -339
-839, -1983, -339
-763, -1898, -330
-763, -1898, -330
-763, -1917, -341
-466, -1917, -341
-466, -1917, -341
-68, -2004, -331
-68, -2004, -331
220, -2197, -327
220, -2197, -327
220, -2197, -329
441, -2337, -329
441, -2337, -329
630, -2399, -327
630, -2399, -327
630, -2399, -299
796, -2408, -299
796, -2408, -299
1197, -2402, -266
1197, -2402, -266
1197, -2356, -305
923, -2356, -305
923, -2356, -305
-340, -1896, -353
-340, -1896, -353
-609, -1659, -326
-609, -1659, -326
-609, -1659, -289
-33, -1647, -289
-33, -1647, -289
305, -1728, -270
305, -1728, -270
305, -1638, -269
153, -1638, -269
153, -1638, -269
45, -1513, -265
45, -1513, -265
45, -1435, -241
94, -1435, -241
94, -1435, -241
334, -1481, -249
334, -1481, -249
852, -1644, -263
852, -1644, -263
852, -1644, -283
1278, -1783, -283
1278, -1783, -283
1655, -1889, -274
1655, -1889, -274
1655, -1948, -280
1938, -1948, -280
1938, -1948, -280
2192, -2031, -254
2192, -2031, -254
1953, -1961, -243
1953, -1961, -243
1953, -1961, -229
1448, -1720, -229
1448, -1720, -229
1016, -1470, -216
1016, -1470, -216
1016, -1312, -221
806, -1312, -221
806, -1312, -221
946, -1312, -219
946, -1312, -219
1046, -1299, -200
1046, -1299, -200
1046, -1299, -193
871, -1201, -193
871, -1201, -193
822, -1146, -174
822, -1146, -174
822, -1121, -174
907, -1121, -174
907, -1121, -174
824, -1058, -179
824, -1058, -179
721, -1021, -172
721, -1021, -172
721, -1021, -173
771, -1060, -173
771, -1060, -173
799, -1052, -174
799, -1052, -174
799, -1082, -175
853, -1082, -175
853, -1082, -175
991, -1132, -176
991, -1132, -176
1106, -1191, -187
1106, -1191, -187
1106, -1191, -180
1360, -1301, -180
1360, -1301, -180
1307, -1306, -194
1307, -1306, -194
1307, -1277, -219
1112, -1277, -219
1112, -1277, -219
1478, -1437, -246
1478, -1437, -246
2418, -1737, -244
2418, -1737, -244
2418, -1737, -208
3673, -2180, -208
3673, -2180, -208
3362, -2264, -200
3362, -2264, -200
3362, -1818, -193
1742, -1818, -193
1742, -1818, -193
1007, -1623, -215
1007, -1623, -215
1242, -1673, -212
1242, -1673, -212
1242, -1673, -190
1614, -1812, -190
1614, -1812, -190
988, -1761, -185
988, -1761, -185
988, -1584, -187
87, -1584, -187
87, -1584, -187
70, -1731, -194
70, -1731, -194
70, -2099, 
779, -1712, -105
1526, -1905, -105
1526, -1905, -105
1280, -1902, -69
1280, -1902, -69
1280, -1809, -70
336, -1809, -70
336, -1809, -70
-213, -1695, -78
-213, -1695, -78
-213, -1648, -78
-102, -1648, -78
-102, -1648, -78
36, -1607, -68
36, -1607, -68
36, -1566, -63
86, -1566, -63
86, -1566, -63
-74, -1521, -49
-74, -1521, -49
-74, -1415, -82
-549, -1415, -82
-549, -1415, -82
-421, -1482, -100
-421, -1482, -100
-421, -1626, -108
67, -1626, -108
67, -1626, -108
172, -1611, -122
172, -1611, -122
-3, -1543, -135
-3, -1543, -135
-3, -1543, -137
-316, -1434, -137
-316, -1434, -137
-385, -1438, -155
-385, -1438, -155
-385, -1438, -165
162, -1664, -165
162, -1664, -165
794, -1911, -159
794, -1911, -159
794, -2101, -141
1239, -2101, -141
1239, -2101, -141
1449, -2189, -120
1449, -2189, -120
1278, -2162, -121
1278, -2162, -121
1278, -2162, -118
1006, -2079, -118
1006, -2079, -118
794, -1919, -118
794, -1919, -118
794, -1648, -113
457, -1648, -113
457, -1648, -113
346, -1462, -107
346, -1462, -107
323, -1294, -97
323, -1294, -97
323, -1294, -104
368, -1212, -104
368, -1212, -104
534, -1265, -90
534, -1265, -90
534, -1265, -89
832, -1356, -89
832, -1356, -89
957, -1353, -81
957, -1353, -81
957, -1353, -84
922, -1305, -84
922, -1305, -84
912, -1249, -90
912, -1249, -90
912, -1270, -91
1010, -1270, -91
1010, -1270, -91
1096, -1270, -90
1096, -1270, -90
1096, -1348, -73
1285, -1348, -73
1285, -1348, -73
1495, -1439, -65
1495, -1439, -65
1495, -1468, -57
1572, -1468, -57
1572, -1468, -57
1194, -1313, -65
1194, -1313, -65
1009, -1225, -73
1009, -1225, -73
1009, -1225, -76
890, -1191, -76
890, -1191, -76
894, -1205, -73
894, -1205, -73
894, -1205, -79
1102, -1304, -79
1102, -1304, -79
1102, -1375, -82
1102, -1375, -82
1102, -1615, -67
1301, -1615, -67
1301, -1615, -67
1504, -1854, -51
1504, -1854, -51
1504, -1737, -70
981, -1737, -70
981, -1737, -70
752, -1706, -78
752, -1706, -78
1020, -1888, -68
1020, -1888, -68
1020, -1888, -75
734, -1828, -75
734, -1828, -75
698, -1898, -95
698, -1898, -95
698, -1898, -102
724, -2074, -102
724, -2074, -102
634, -2304, -109
634, -2304, -109
634, -2304, -116
605, -2367, -116
605, -2367, -116
184, -2332, -103
184, -2332, -103
184, -2316, -74
-452, -2316, -74
-452, -2316, -74
-799, -2357, -60
-799, -2357, -60
-1369, -2222, -54
-1369, -2222, -54
-1369, -2222, -31
-1916, -2082, -31
-1916, -2082, -31
-2092, -2153, -21
-2092, -2153, -21
-2092, -2235, -42
-2186, -2235, -42
-2186, -2235, -70
-2027, -2356, -70
-2027, -2356, -70
-1893, -2530, -100
-1893, -2530, -100
-1893, -2570, -104
-1846, -2570, -104
-1846, -2570, -107
-1994, -2573, -107
-1994, -2573, -107
-1925, -2639, -134
-1925, -2639, -134
-1671, -2693, -170
-1671, -2693, -170
-1671, -2693, -150
-1675, -2487, -150
-1675, -2487, -150
-1833, -2278, -161
-1833, -2278, -161
-1725, -2042, -149
-1725, -2042, -149
-1725, -1895, -146
-1687, -1895, -146
-1687, -1895, -146
-1482, -1847, -149
-1482, -1847, -149
-1153, -1783, -145
-1153, -1783, -145
-1153, -1800, -146
-590, -1800, -146
-590, -1800, -146
-254, -1811, -153
-254, -1811, -153
-152, -1772, -136
-152, -1772, -136
-152, -1772, -112
-80, -1739, -112
-80, -1739, -112
-51, -1698, -95
-51, -1698, -95
-51, -1613, -88
-119, -1613, -88
-119, -1613, -88
-206, -1566, -77
-206, -1566, -77
-206, -1554, -84
-156, -1554, -84
-156, -1554, -84
-7, -1567, -80
-7, -1567, -80
-7, -1651, -86
-291, -1651, -86
-291, -1651, -86
-896, -1714, -109
-896, -1714, -109
-896, -1787, -112
-1010, -1787, -112
-1010, -1787, -112
-869, -1794, -102
-869, -1794, -102
-707, -1747, -118
-707, -1747, -118
-707, -1648, -115
-685, -1648, -115
-685, -1648, -115
-734, -1646, -123
-734, -1646, -123
-734, -1692, -103
-554, -1692, -103
-554, -1692, -104
-660, -1744, -104
-660, -1744, -104
-690, -1849, -129
-690, -1998, -94
-259, -1998, -84
-249, -2065, -84
-249, -2065, -84
-186, -2148, -71
-186, -2148, -71
-186, -2148, -76
-229, -2198, -76
-229, -2198, -76
-234, -2256, -87
-234, -2256, -87
-234, -2346, -92
-155, -2346, -92
-155, -2346, -92
-103, -2438, -98
-103, -2438, -98
-103, -2420, -104
-350, -2420, -104
-350, -2420, -104
-810, -2388, -134
-810, -2388, -134
-652, -2528, -172
-652, -2528, -172
-652, -2528, -177
-432, -2663, -177
-432, -2663, -177
-1041, -3017, -150
-1041, -3017, -150
-1041, -3100, -126
-877, -3100, -126
-877, -3100, -126
-1035, -2909, -103
-1035, -2909, -103
-1014, -2802, -96
-1014, -2802, -96
-1014, -2898, -89
-740, -2898, -89
-740, -2898, -89
-1157, -3124, -103
-1157, -3124, -103
-1752, -3475, -158
-1752, -3475, -158
-1752, -3268, -164
-1326, -3268, -164
-1326, -3268, -164
-1405, -3062, -156
-1405, -3062, -156
-1440, -2940, -171
-1440, -2940, -171
-1440, -3018, -193
-1332, -3018, -193
-1332, -3018, -169
-891, -3213, -169
-891, -3213, -169
-474, -3358, -133
-474, -3358, -133
-474, -3404, -86
-299, -3404, -86
-299, -3404, -86
-652, -3320, -86
-652, -3320, -86
-652, -3083, -127
-1350, -3083, -127
-1350, -3083, -127
-1519, -3069, -134
-1519, -3069, -134
-1514, -3036, -155
-1514, -3036, -155
-1514, -2837, -193
-2000, -2837, -193
-2000, -2837, -221
-2117, -2784, -221
-2117, -2784, -221
-1543, -2904, -218
-1543, -2904, -218
-768, -3042, -176
-768, -3042, -176
-768, -3042, -130
-518, -3117, -130
-518, -3117, -130
-939, -3032, -149
-939, -3032, -149
-939, -2901, -188
-1430, -2901, -188
-1430, -2901, -188
-1429, -2897, -207
-1429, -2897, -207
-1220, -2934, -195
-1220, -2934, -195
-1220, -2917, -193
-1152, -2917, -193
-1152, -2917, -180
-1137, -2927, -180
-1137, -2927, -180
-813, -2967, -137
-813, -2967, -137
-813, -2908, -154
-976, -2908, -154
-976, -2908, -154
-2003, -2581, -231
-2003, -2581, -231
-1914, -2520, -241
-1914, -2520, -241
-1914, -2645, -230
-989, -2645, -230
-989, -2645, -230
-339, -2689, -187
-339, -2689, -187
-468, -2615, -185
-468, -2615, -185
-468, -2615, -218
-1099, -2441, -218
-1099, -2441, -218
-1199, -2426, -229
-1199, -2426, -229
-562, -2547, -190
-562, -2547, -190
-562, -2547, -151
-275, -2542, -151
-275, -2542, -151
-1137, -2277, -200
-1137, -2277, -200
-1137, -2056, -231
-1658, -2056, -231
-1658, -2056, -231
-1649, -2002, -246
-1649, -2002, -246
-957, -2087, -225
-957, -2087, -225
-957, -2242, -196
175, -2242, -196
175, -2242, -196
235, -2214, -175
235, -2214, -175
-679, -1994, -182
-679, -1994, -182
-679, -1994, -191
-692, -1942, -191
-692, -1942, -191
-362, -1905, -191
-362, -1905, -191
-362, -1769, -185
-243, -1769, -185
-243, -1769, -185
81, -1725, -159
81, -1725, -159
81, -1713, -144
135, -1713, -144
135, -1713, -144
-59, -1716, -119
-59, -1716, -119
-246, -1683, -138
-246, -1683, -138
-246, -1683, -155
-263, -1599, -155
-263, -1599, -155
-408, -1456, -161
-408, -1456, -161
-408, -1275, -162
-586, -1275, -162
-586, -1275, -162
-374, -1200, -146
-374, -1200, -146
-374, -1165, -125
1, -1165, -125
1, -1165, -125
260, -1079, -117
260, -1079, -117
225, -988, -120
225, -988, -120
225, -988, -125
188, -976, -125
188, -976, -125
487, -1046, -120
487, -1046, -120
487, -1046, -125
604, -1076, -125
604, -1076, -125
449, -1026, -136
449, -1026, -136
449, -1015, -138
355, -1015, -138
355, -1015, -138
639, -1117, -149
639, -1117, -149
639, -1254, -151
989, -1254, -151
989, -1254, -161
1106, -1333, -161
1106, -1333, -161
919, -1302, -175
919, -1302, -175
919, -1302, -170
775, -1258, -170
775, -1258, -170
774, -1237, -163
774, -1237, -163
774, -1248, -135
836, -1248, -135
836, -1248, -135
852, -1264, -124
852, -1264, -124
716, -1300, -142
716, -1300, -142
716, -1300, -153
587, -1285, -153
587, -1285, -153
557, -1278, -131
557, -1278, -131
557, -1345, -131
445, -1345, -13
815, -1034, -88
910, -982, -88
910, -982, -88
966, -965, -91
966, -965, -91
966, -965, -78
1036, -953, -78
1036, -953, -78
1123, -968, -77
1123, -968, -77
1123, -968, -77
1134, -929, -77
1134, -929, -77
1097, -914, -67
1097, -914, -67
1097, -861, -59
1081, -861, -59
1081, -861, -59
984, -779, -48
984, -779, -48
984, -630, -52
703, -630, -52
703, -630, -52
310, -428, -49
310, -428, -49
310, -330, -53
-45, -330, -53
-45, -330, -53
-99, -411, -65
-99, -411, -65
-99, -411, -76
-171, -548, -76
-171, -548, -76
-201, -696, -95
-201, -696, -95
-201, -696, -102
-210, -826, -102
-210, -826, -102
-215, -883, -98
-215, -883, -98
-215, -820, -96
-318, -820, -96
-318, -820, -96
-476, -684, -93
-476, -684, -93
-476, -582, -91
-615, -582, -91
-615, -582, -91
-683, -541, -97
-683, -541, -97
-683, -472, -97
-702, -472, -97
-702, -472, -97
-1465, 98, -74
-1465, 98, -74
-1465, 366, -71
-1913, 366, -71
-1913, 366, -71
-1233, 174, -83
-1233, 174, -83
-854, 66, -82
-854, 66, -82
-854, 66, -82
-814, 193, -66
-814, 193, -66
-814, 337, -47
-767, 337, -47
-767, 337, -47
-559, 376, -33
-559, 376, -33
-559, 403, -2
-6, 403, -2
-6, 403, -2
590, 361, 8
590, 361, 8
590, 361, 8
990, 275, 8
990, 275, 8
990, 222, -14
738, 222, -14
738, 222, -14
576, 108, -53
576, 108, -53
576, 108, -44
783, -118, -44
783, -118, -44
825, -354, -43
825, -354, -43
825, -354, -59
674, -443, -59
674, -443, -59
451, -558, -69
451, -558, -69
451, -558, -69
266, -639, -67
266, -639, -67
279, -799, -81
279, -799, -81
279, -799, -81
532, -1054, -85
532, -1054, -85
596, -1137, -83
596, -1137, -83
596, -1137, -83
76, -965, -88
76, -965, -88
76, -716, -85
-420, -716, -85
-420, -716, -85
-596, -605, -80
-596, -605, -80
-596, -632, -73
-564, -632, -73
-564, -632, -73
-507, -636, -73
-507, -636, -73
-390, -638, -76
-390, -638, -76
-390, -638, -76
-290, -709, -73
-290, -709, -73
-173, -764, -81
-173, -764, -81
-173, -764, -104
-383, -590, -104
-383, -590, -104
-1105, -246, -112
-1105, -246, -112
-1105, -246, -123
-1237, -186, -123
-1237, -186, -123
-619, -467, -154
-619, -467, -154
270, -871, -194
270, -871, -194
270, -871, -194
1516, -1377, -210
1516, -1377, -210
3136, -1694, -185
3136, -1694, -185
3136, -1694, -117
4089, -1865, -117
4089, -1865, -117
3232, -1717, -115
3232, -1717, -115
3232, -1326, -101
1876, -1326, -101
1876, -1326, -101
1147, -1102, -84
1147, -1102, -84
965, -1029, -73
965, -1029, -73
965, -1029, -61
968, -1019, -61
968, -1019, -61
994, -1026, -62
994, -1026, -62
994, -1026, -69
1053, -1069, -69
1053, -1069, -69
968, -1112, -64
968, -1112, -64
968, -1092, -60
890, -1092, -60
890, -1092, -60
857, -1113, -70
857, -1113, -70
857, -1148, -61
862, -1148, -61
862, -1148, -61
917, -1201, -54
917, -1201, -54
917, -1261, -45
961, -1261, -45
961, -1261, -45
1007, -1308, -38
1007, -1308, -38
1007, -1296, -42
978, -1296, -42
978, -1296, -42
682, -1139, -65
682, -1139, -65
447, -1059, -55
447, -1059, -55
447, -1059, -55
596, -1137, -67
596, -1137, -67
718, -1237, -78
718, -1237, -78
718, -1237, -78
813, -1373, -61
813, -1373, -61
550, -1380, -72
550, -1380, -72
550, -1380, -87
129, -1315, -87
129, -1315, -87
184, -1420, -86
184, -1420, -86
184, -1420, -81
566, -1670, -81
566, -1670, -81
897, -1880, -75
897, -1880, -75
897, -1880, -130
415, -1858, -130
415, -1858, -130
-867, -1675, -201
-867, -1675, -201
-867, -1919, -201
-639, -1919, -201
-639, -1919, -201
566, -2258, -209
566, -2258, -209
566, -2631, -174
1575, -2631, -174
1575, -2631, -174
1935, -2841, -92
1935, -2841, -92
1664, -2785, -49
1664, -2785, -49
1664, -2785, -25
1120, -2612, -25
1120, -2612, -25
670, -2501, -9
670, -2501, -9
670, -2501, 5
343, -2428, 5
343, -2428, 5
145, -2416, 10
145, -2416, 10
145, -2416, 10
172, -2517, 10
172, -2517, 10
288, -2675, 32
111, -80, -32
111, -80, -32
-84, -47, 47
-84, -47, 47
-84, -50, 74
-329, -50, 74
-329, -50, 74
-556, -7, 95
-556, -7, 95
-556, -7, 144
-684, 49, 144
-684, 49, 144
-670, 127, 229
-670, 127, 229
-670, 127, 299
-574, 188, 299
-574, 188, 299
-373, 198, 299
-373, 198, 299
-373, 198, 262
-169, 149, 262
-169, 149, 262
-46, 86, 220
-46, 86, 220
-46, 86, 220
1, -13, 166
1, -13, 166
1, -176, 123
-7, -176, 123
-7, -176, 123
-62, -356, 103
-62, -356, 103
-62, -356, 97
-72, -553, 97
-72, -553, 97
-49, -790, 102
-49, -790, 102
-49, -790, 26
-263, -955, 26
-263, -955, 26
-357, -1103, -22
-357, -1103, -22
-357, -1103, -50
-346, -1256, -50
-346, -1256, -50
-177, -1408, -54
-177, -1408, -54
-177, -1408, -46
-177, -1505, -46
-177, -1505, -46
-338, -1550, -51
-338, -1550, -51
-338, -1565, -46
-465, -1565, -46
-465, -1565, -46
-477, -1603, -57
-477, -1603, -57
-477, -1669, -54
-478, -1669, -54
-478, -1669, -54
-560, -1685, -45
-560, -1685, -45
-560, -1650, -58
-687, -1650, -58
-687, -1650, -58
-677, -1621, -38
-677, -1621, -38
-564, -1587, -82
-564, -1587, -82
-564, -1587, -75
-198, -1640, -75
-198, -1640, -75
192, -1659, -58
192, -1659, -58
192, -1659, -87
501, -1665, -87
501, -1665, -87
638, -1683, -120
638, -1683, -120
638, -1683, -165
391, -1636, -165
391, -1636, -165
-53, -1573, -214
-53, -1573, -214
-53, -1540, -249
-431, -1540, -249
-431, -1540, -249
-664, -1556, -250
-664, -1556, -250
-698, -1593, -231
-698, -1593, -231
-698, -1593, -265
-703, -1623, -265
-703, -1623, -265
-870, -1584, -324
-870, -1584, -324
-870, -1569, -409
-1063, -1569, -409
-1063, -1569, -409
-1186, -1577, -452
-1186, -1577, -452
-1297, -1599, -449
-1297, -1599, -449
-1297, -1607, -400
-1458, -1607, -400
-1458, -1607, -339
-1655, -1643, -339
-1655, -1643, -339
-1875, -1689, -271
-1875, -1689, -271
-1875, -1735, -183
-2021, -1735, -183
-2021, -1735, 2
-2172, -1775, 2
-2172, -1775, 2
-2304, -1785, 236
-2304, -1785, 236
-2304, -1749, 416
-2285, -1749, 416
-2285, -1749, 416
-2132, -1704, 563
-2132, -1704, 563
-1963, -1657, 624
-1963, -1657, 624
-1963, -1610, 572
-1922, -1610, 572
-1922, -1610, 572
-2029, -1550, 455
-2029, -1550, 455
-2136, -1515, 343
-2136, -1515, 343
-2136, -1396, 17
-2406, -1396, 17
-2406, -1396, 17
-2550, -1332, -74
-2550, -1332, -74
-2486, -1383, -105
-2486, -1383, -105
-2486, -1549, -105
-2182, -1549, -105
-2182, -1549, -105
-1917, -1681, -124
-1917, -1681, -124
-1782, -1698, -155
-1782, -1698, -155
-1782, -1744, -159
-1592, -1744, -159
-1592, -1744, -159
-1397, -1813, -163
-1397, -1813, -163
-1245, -1890, -171
-1245, -1890, -171
-1245, -1935, -199
-1078, -1935, -199
-1078, -1935, -184
-731, -2047, -184
-731, -2047, -184
-268, -2252, -170
-268, -2252, -170
-268, -2356, -171
-18, -2356, -171
-18, -2356, -171
-53, -2296, -218
-53, -2296, -218
-53, -2322, -187
67, -2322, -187
67, -2322, -187
330, -2452, -147
330, -2452, -147
682, -2578, -124
682, -2578, -124
682, -2578, -138
799, -2633, -138
799, -2633, -138
634, -2544, -164
634, -2544, -164
634, -2529, -157
781, -2529, -157
781, -2529, -157
1184, -2645, -124
1184, -2645, -124
1643, -2802, -96
1643, -2802, -96
1643, -2802, -111
1992, -2966, -111
1992, -2966, -111
2285, -3092, -122
2285, -3092, -122
2285, -3229, -123
2593, -3229, -123
2593, -3229, -123
2770, -3318, -113
2770, -3318, -113
2777, -3293, -92
2777, -3293, -92
2777, -3293, -92
2552, -3125, -136
2552, -3125, -136
2209, -2877, -197
2209, -2877, -197
2209, -2877, -163
2137, -2824, -163
2137, -2824, -163
2250, -2868, -141
2250, -2868, -141
2250, -2946, -105
2451, -2946, -105
2451, -2946, -105
2589, -3006, -70
2589, -3006, -70
2522, -2968, -28
2522, -2968, -28
2522, -2968, -65
2215, -2836, -65
2215, -2836, -65
1690, -2578, -110
1690, -2578, -110
1690, -2395, -124
1338, -2395, -124
1338, -2395, -124
12
-702, -1947, -77
-702, -1947, -45
-395, -2034, -45
-395, -2034, -45
-79, -2123, -45
-79, -2123, -45
-79, -2123, -37
-133, -2123, -37
-133, -2123, -37
-498, -1958, -37
-498, -1958, -37
-498, -1757, -38
-840, -1757, -38
-840, -1757, -38
-990, -1620, -33
-990, -1620, -33
-990, -1610, -38
-887, -1610, -38
-887, -1610, -38
-786, -1635, -57
-786, -1635, -57
-786, -1757, -71
-308, -1757, -71
-308, -1757, -71
-120, -1855, -93
-120, -1855, -93
114, -1962, -99
114, -1962, -99
114, -1962, -101
325, -2026, -101
325, -2026, -101
219, -1938, -68
219, -1938, -68
219, -1938, -67
-104, -1761, -67
-104, -1761, -67
-496, -1513, -67
-496, -1513, -67
-496, -1338, -82
-770, -1338, -82
-770, -1338, -82
-1016, -1247, -90
-1016, -1247, -90
-1016, -1253, -85
-1037, -1253, -85
-1037, -1253, -67
-858, -1328, -67
-858, -1328, -67
