-7, 254, -57
-7, 254, -57
-7, 257, -67
0, 257, -67
0, 257, -67
-8, 257, -81
-8, 257, -81
-8, 257, -77
-16, 254, -77
-16, 254, -77
-16, 258, -95
-20, 258, -95
-20, 258, -95
-22, 259, -90
-22, 259, -90
-22, 266, -123
-18, 266, -123
-18, 266, -123
-17, 255, -204
-17, 255, -204
-17, 255, -468
-17, 245, -468
-17, 245, -468
-3, 257, -922
-3, 257, -922
-3, 257, -1267
1, 242, -1267
1, 242, -1267
0, 241, -1490
0, 241, -1490
0, 241, -1490
-9, 242, -1684
-9, 242, -1684
-9, 246, -1872
-12, 246, -1872
-12, 246, -1872
5, 242, -2048
5, 242, -2048
5, 248, -2010
1, 248, -2010
1, 248, -2010
-9, 249, -1911
-9, 249, -1911
-9, 247, -1827
-17, 247, -1827
-17, 247, -1827
-17, 256, -1839
-17, 256, -1839
-17, 242, -1885
-8, 242, -1885
-8, 242, -1885
5, 233, -1945
5, 233, -1945
5, 247, -2022
5, 247, -2022
5, 247, -2022
10, 225, -2085
10, 225, -2085
10, 225, -2253
15, 225, -2253
15, 225, -2253
8, 229, -2324
8, 229, -2324
8, 229, -2195
7, 231, -2195
7, 231, -2195
14, 220, -2236
14, 220, -2236
14, 220, -2280
13, 229, -2280
13, 229, -2280
10, 212, -2255
10, 212, -2255
10, 212, -2345
9, 216, -2345
9, 216, -2345
13, 216, -2362
13, 216, -2362
13, 216, -2362
14, 226, -2263
14, 226, -2263
2, 227, -2256
2, 227, -2256
2, 227, -2256
-11, 240, -2211
-11, 240, -2211
-11, 246, -2110
-13, 246, -2110
-13, 246, -2110
-18, 241, -1996
-18, 241, -1996
-17, 241, -1959
-17, 241, -1959
-17, 241, -1959
-8, 236, -1944
-8, 236, -1944
0, 236, -1857
0, 236, -1857
0, 236, -1857
8, 230, -1813
8, 230, -1813
8, 225, -1890
21, 225, -1890
21, 225, -1890
28, 230, -1981
28, 230, -1981
28, 233, -1949
22, 233, -1949
22, 233, -1949
26, 227, -1922
26, 227, -1922
26, 242, -1901
28, 242, -1901
28, 242, -1901
28, 227, -1997
28, 227, -1997
28, 226, -2018
22, 226, -2018
22, 226, -2018
12, 226, -2146
12, 226, -2146
12, 225, -2117
18, 225, -2117
18, 225, -2117
17, 235, -2061
17, 235, -2061
17, 218, -2249
30, 218, -2249
30, 218, -2249
28, 213, -2370
28, 213, -2370
28, 218, -2483
28, 218, -2483
28, 218, -2483
37, 217, -2597
37, 217, -2597
37, 221, -2746
33, 221, -2746
33, 221, -2746
22, 213, -2848
22, 213, -2848
22, 223, -2910
18, 223, -2910
18, 223, -2910
30, 229, -3112
30, 229, -3112
30, 217, -3231
15, 217, -3231
15, 217, -3231
17, 214, -3366
17, 214, -3366
17, 213, -3448
23, 213, -3448
23, 213, -3448
16, 218, -3527
16, 218, -3527
16, 227, -3666
15, 227, -3666
15, 227, -3666
12, 234, -3697
12, 234, -3697
12, 232, -3632
1, 232, -3632
1, 232, -3632
5, 240, -3814
5, 240, -3814
5, 240, -3872
0, 239, -3872
0, 239, -3872
-6, 243, -3859
-6, 243, -3859
-6, 243, -4086
13, 232, -4086
13, 232, -4086
29, 229, -4166
29, 229, -4166
29, 229, -4292
27, 222, -4292
27, 222, -4292
47, 207, -4441
47, 207, -4441
47, 207, -4559
43, 196, -4559
43, 196, -4559
38, 204, -4718
38, 204, -4718
38, 204, -4726
59, 200, -4726
59, 200, -4726
66, 194, -4769
66, 194, -4769
66, 194, -4836
65, 192, -4836
65, 192, -4836
69, 194, -4935
69, 194, -4935
69, 194, -4861
56, 201, -4861
56, 201, -4861
47, 193, -4831
47, 193, -4831
47, 193, -4853
50, 199, -4853
50, 199, -4853
49, 199, -4744
49, 199, -4744
49, 199, -4781
53, 194, -4781
53, 194, -4781
40, 193, -4889
40, 193, -4889
40, 193, -4889
56, 201, -4859
56, 201, -4859
40, 205, -4854
40, 205, -4854
40, 205, -4854
53, 197, -5046
53, 197, -5046
69, 199, -5102
69, 199, -5102
69, 199, -5102
76, 190, -5159
76, 190, -5159
64, 194, -5227
64, 194, -5227
64, 194, -5227
60, 197, -5248
60, 197, -5248
62, 199, -5228
62, 199, -5228
62, 199, -5228
39, 200, -5182
39, 200, -5182
54, 201, -5178
54, 201, -5178
54, 201, -5178
50, 204, -5086
50, 204, -5086
40, 206, -5091
40, 206, -5091
40, 206, -5091
46, 198, -5207
46, 198, -5207
41, 190, -5191
41, 190, -5191
41, 190, -5191
48, 182, -5112
48, 182, -5112
51, 193, -5086
51, 193, -5086
51, 193, -5086
38, 190, -4968
38, 190, -4968
38, 185, -4950
24, 185, -4950
24, 185, -4950
19, 189, -4834
19, 189, -4834
19, 194, -4753
25, 194, -4753
25, 194, -4753
30, 184, -4654
30, 184, -4654
30, 197, -4711
24, 197, -4711
24, 197, -4711
13, 188, -4779
13, 188, -4779
13, 188, -4913
16, 188, -4913
16, 188, -4913
11, 176, -5090
11, 176, -5090
11, 182, -5246
21, 182, -5246
21, 182, -5246
3, 181, -5371
3, 181, -5371
3, 171, -5463
11, 171, -5463
11, 171, -5463
7, 193, -5604
7, 193, -5604
7, 205, -5693
17, 205, -5693
17, 205, -5693
21, 197, -5711
21, 197, -5711
21, 185, -5703
14, 185, -5703
14, 185, -5703
15, 192, -5692
15, 192, -5692
15, 201, -5548
-2, 201, -5548
-2, 201, -5548
10, 195, -5513
10, 195, -5513
10, 192, -5557
7, 192, -5557
7, 192, -5557
0, 194, -5433
0, 194, -5433
0, 194, -5375
-2, 199, -5375
-2, 199, -5375
14, 208, -5331
14, 208, -5331
14, 208, -5237
25, 199, -5237
25, 199, -5237
13, 198, -5192
13, 198, -5192
13, 198, -5189
-10, 209, -5189
-10, 209, -5189
12, 212, -5129
12, 212, -5129
12, 212, -5155
5, 210, -5155
5, 210, -5155
4, 199, -5168
4, 199, -5168
4, 199, -5189
13, 210, -5189
13, 210, -5189
23, 201, -5228
23, 201, -5228
23, 201, -5235
13, 211, -5235
13, 211, -5235
12, 211, -5233
12, 211, -5233
12, 211, -5249
11, 201, -5249
11, 201, -5249
4, 190, -5263
4, 190, -5263
4, 190, -5263
16, 188, -5304
16, 188, -5304
19, 185, -5350
19, 185, -5350
19, 185, -5350
11, 205, -5436
11, 205, -5436
11, 203, -5503
12, 203, -5503
12, 203, -5503
-3, 205, -5519
-3, 205, -5519
-3, 203, -5572
5, 203, -5572
5, 203, -5572
11, 192, -5614
11, 192, -5614
11, 196, -5667
6, 196, -5667
6, 196, -5667
6, 200, -5736
6, 200, -5736
6, 189, -5692
20, 189, -5692
20, 189, -5692
42, 186, -5849
42, 186, -5849
42, 181, -5947
50, 181, -5947
50, 181, -5947
19, 188, -5940
19, 188, -5940
19, 190, -6027
11, 190, -6027
11, 190, -6027
11, 188, -6099
11, 188, -6099
11, 180, -6152
-2, 180, -6152
-2, 180, -6152
13, 190, -6261
13, 190, -6261
13, 190, -6361
7, 189, -6361
7, 189, -6361
3, 184, -6356
3, 184, -6356
3, 184, -6385
0, 192, -6385
0, 192, -6385
16, 187, -6507
16, 187, -6507
16, 187, -6500
14, 181, -6500
14, 181, -6500
-5, 182, -6510
-5, 182, -6510
-5, 182, -6483
14, 177, -6483
14, 177, -6483
18, 173, -6489
18, 173, -6489
18, 173, -6512
16, 170, -6512
16, 170, -6512
9, 177, -6466
9, 177, -6466
9, 177, -6466
4, 192, -6335
4, 192, -6335
4, 189, -6371
18, 189, -6371
18, 189, -6371
11, 172, -6404
11, 172, -6404
11, 189, -6664
19, 189, -6664
19, 189, -6664
26, 195, -6809
26, 195, -6809
26, 190, -6944
29, 190, -6944
29, 190, -6944
23, 195, -7047
23, 195, -7047
23, 190, -7189
36, 190, -7189
36, 190, -7189
25, 188, -7169
25, 188, -7169
25, 188, -7149
30, 188, -7149
30, 188, -7149
37, 186, -7180
37, 186, -7180
37, 182, -7123
41, 182, -7123
41, 182, -7123
38, 192, -7086
38, 192, -7086
38, 202, -6946
32, 202, -6946
32, 202, -6946
25, 198, -6810
25, 198, -6810
25, 194, -6692
10, 194, -6692
10, 194, -6692
16, 193, -6786
16, 193, -6786
16, 189, -6794
-3, 189, -6794
-3, 189, -6794
19, 198, -6659
19, 198, -6659
19, 200, -6634
11, 200, -6634
11, 200, -6634
21, 217, -6715
21, 217, -6715
21, 257, -6781
7, 257, -6781
7, 257, -6781
5, 300, -6707
5, 300, -6707
5, 300, -6534
-2, 355, -6534
-2, 355, -6534
-7, 433, -6544
-7, 433, -6544
-7, 433, -6433
-18, 531, -6433
-18, 531, -6433
-35, 606, -6344
-35, 606, -6344
-35, 606, -6328
-37, 626, -6328
-37, 626, -6328
-39, 624, -6287
-39, 624, -6287
-39, 652, -6120
-35, 652, -6120
-35, 652, -6120
-40, 702, -6094
-40, 702, -6094
-40, 770, -5976
-62, 770, -5976
-62, 770, -5976
-50, 784, -5957
-50, 784, -5957
-50, 763, -6049
-25, 763, -6049
-25, 763, -6049
-42, 786, -5973
-42, 786, -5973
-42, 821, -5972
-39, 821, -5972
-39, 821, -5972
-37, 828, -6079
-37, 828, -6079
-37, 761, -6121
-12, 761, -6121
-12, 761, -6121
-13, 759, -6181
-13, 759, -6181
-35, 824, -6348
-35, 824, -6348
-35, 824, -6348
-70, 916, -6406
-70, 916, -6406
-55, 948, -6350
-55, 948, -6350
-55, 948, -6426
-50, 969, -6426
-50, 969, -6426
103, 195, -4807
103, 195, -4807
103, 203, -4735
103, 203, -4735
103, 203, -4735
92, 226, -4709
92, 226, -4709
92, 240, -4626
99, 240, -4626
99, 240, -4626
92, 220, -4524
92, 220, -4524
92, 240, -4487
91, 240, -4487
91, 240, -4487
89, 232, -4466
89, 232, -4466
89, 216, -4431
101, 216, -4431
101, 216, -4431
102, 220, -4508
102, 220, -4508
102, 218, -4529
112, 218, -4529
112, 218, -4529
117, 222, -4433
117, 222, -4433
117, 218, -4444
109, 218, -4444
109, 218, -4444
110, 206, -4503
110, 206, -4503
111, 214, -4521
111, 214, -4521
111, 214, -4416
111, 203, -4416
111, 203, -4416
99, 207, -4329
99, 207, -4329
99, 207, -4268
94, 220, -4268
94, 220, -4268
94, 215, -4287
94, 215, -4287
94, 215, -4347
112, 207, -4347
112, 207, -4347
96, 211, -4355
96, 211, -4355
96, 211, -4214
96, 234, -4214
96, 234, -4214
95, 235, -4211
95, 235, -4211
95, 235, -4173
94, 236, -4173
94, 236, -4173
87, 240, -4130
87, 240, -4130
87, 240, -3988
86, 235, -3988
86, 235, -3988
81, 218, -3882
81, 218, -3882
81, 218, -3840
84, 226, -3840
84, 226, -3840
85, 223, -3847
85, 223, -3847
85, 223, -3778
75, 210, -3778
75, 210, -3778
77, 216, -3738
77, 216, -3738
77, 216, -3687
84, 221, -3687
84, 221, -3687
71, 223, -3631
71, 223, -3631
71, 223, -3665
82, 231, -3665
82, 231, -3665
81, 220, -3615
81, 220, -3615
81, 220, -3520
71, 230, -3520
71, 230, -3520
54, 238, -3499
54, 238, -3499
54, 238, -3473
64, 247, -3473
64, 247, -3473
67, 241, -3510
67, 241, -3510
67, 241, -3510
73, 236, -3562
73, 236, -3562
55, 239, -3641
55, 239, -3641
55, 239, -3641
51, 247, -3703
51, 247, -3703
64, 239, -3682
64, 239, -3682
64, 239, -3682
71, 222, -3669
71, 222, -3669
58, 235, -3619
58, 235, -3619
58, 235, -3619
67, 239, -3600
67, 239, -3600
62, 235, -3544
62, 235, -3544
62, 235, -3544
70, 244, -3504
70, 244, -3504
73, 248, -3555
73, 248, -3555
73, 248, -3555
71, 234, -3543
71, 234, -3543
78, 231, -3585
78, 231, -3585
78, 231, -3585
66, 226, -3556
66, 226, -3556
74, 235, -3584
74, 235, -3584
74, 235, -3584
73, 218, -3611
73, 218, -3611
73, 231, -3685
69, 231, -3685
69, 231, -3685
75, 220, -3730
75, 220, -3730
75, 218, -3794
64, 218, -3794
64, 218, -3794
81, 231, -3870
81, 231, -3870
81, 230, -3881
82, 230, -3881
82, 230, -3881
70, 241, -3943
70, 241, -3943
70, 226, -3987
77, 226, -3987
77, 226, -3987
89, 214, -4126
89, 214, -4126
89, 215, -4267
93, 215, -4267
93, 215, -4267
84, 231, -4289
84, 231, -4289
84, 231, -4161
80, 231, -4161
80, 231, -4161
74, 228, -4053
74, 228, -4053
74, 219, -4458
94, 219, -4458
94, 219, -4458
101, 207, -4651
101, 207, -4651
101, 218, -4664
106, 218, -4664
106, 218, -4664
105, 227, -4665
105, 227, -4665
87, 242, -4626
87, 242, -4626
87, 242, -4626
80, 243, -4648
80, 243, -4648
90, 234, -4683
90, 234, -4683
90, 234, -4683
103, 226, -4709
103, 226, -4709
104, 231, -4682
104, 231, -4682
104, 231, -4693
94, 240, -4693
94, 240, -4693
89, 238, -4751
89, 238, -4751
89, 238, -4819
94, 232, -4819
94, 232, -4819
87, 219, -4893
87, 219, -4893
87, 219, -5013
113, 213, -5013
113, 213, -5013
133, 217, -5216
133, 217, -5216
133, 217, -5355
121, 213, -5355
121, 213, -5355
112, 227, -5506
112, 227, -5506
112, 227, -5617
111, 228, -5617
111, 228, -5617
114, 224, -5683
114, 224, -5683
114, 224, -5793
136, 222, -5793
136, 222, -5793
136, 226, -5877
136, 226, -5877
136, 232, -5809
124, 232, -5809
124, 232, -5809
124, 229, -5573
124, 229, -5573
124, 243, -5328
110, 243, -5328
110, 243, -5328
121, 229, -5154
121, 229, -5154
121, 219, -4922
125, 219, -4922
125, 219, -4922
96, 224, -4490
96, 224, -4490
86, 228, -4049
86, 228, -4049
86, 228, -4049
71, 244, -3766
71, 244, -3766
71, 245, -3545
51, 245, -3545
51, 245, -3545
56, 240, -3330
56, 240, -3330
56, 243, -3233
66, 243, -3233
66, 243, -3233
74, 250, -3107
50, 245, -2430
47, 239, -2361
47, 239, -2361
47, 239, -2272
48, 241, -2272
48, 241, -2272
63, 241, -2240
63, 241, -2240
63, 241, -2235
45, 234, -2235
45, 234, -2235
51, 234, -2279
51, 234, -2279
51, 234, -2305
54, 238, -2305
54, 238, -2305
61, 239, -2380
61, 239, -2380
61, 239, -2312
71, 239, -2312
71, 239, -2312
76, 238, -2365
76, 238, -2365
76, 238, -2331
71, 245, -2331
71, 245, -2331
65, 247, -2377
65, 247, -2377
65, 247, -2494
75, 249, -2494
75, 249, -2494
72, 253, -2550
72, 253, -2550
72, 253, -2585
73, 245, -2585
73, 245, -2585
56, 245, -2642
56, 245, -2642
56, 245, -2670
54, 251, -2670
54, 251, -2670
78, 247, -2689
78, 247, -2689
78, 247, -2706
75, 241, -2706
75, 241, -2706
76, 237, -2657
76, 237, -2657
76, 237, -2604
68, 247, -2604
68, 247, -2604
76, 236, -2553
76, 236, -2553
76, 236, -2482
78, 232, -2482
78, 232, -2482
66, 227, -2467
66, 227, -2467
66, 227, -2416
68, 248, -2416
68, 248, -2416
61, 227, -2330
61, 227, -2330
61, 227, -2334
80, 242, -2334
80, 242, -2334
77, 254, -2361
77, 254, -2361
77, 254, -2329
63, 236, -2329
63, 236, -2329
57, 231, -2267
57, 231, -2267
57, 231, -2276
60, 226, -2276
60, 226, -2276
70, 232, -2314
70, 232, -2314
70, 232, -2328
68, 238, -2328
68, 238, -2328
71, 226, -2378
71, 226, -2378
71, 226, -2371
67, 234, -2371
67, 234, -2371
61, 235, -2441
61, 235, -2441
61, 235, -2575
50, 234, -2575
50, 234, -2575
43, 239, -2537
43, 239, -2537
43, 239, -2516
55, 234, -2516
55, 234, -2516
63, 242, -2558
63, 242, -2558
63, 242, -2540
61, 241, -2540
61, 241, -2540
51, 243, -2519
51, 243, -2519
51, 243, -2517
61, 251, -2517
61, 251, -2517
86, 232, -2547
86, 232, -2547
86, 232, -2547
88, 236, -2451
88, 236, -2451
75, 235, -2369
75, 235, -2369
75, 235, -2369
52, 238, -2313
52, 238, -2313
47, 247, -2224
47, 247, -2224
47, 247, -2224
66, 246, -2189
66, 246, -2189
73, 236, -2183
73, 236, -2183
73, 236, -2183
73, 249, -2181
73, 249, -2181
68, 249, -2108
68, 249, -2108
68, 249, -2108
47, 246, -2019
47, 246, -2019
39, 255, -1931
39, 255, -1931
39, 255, -1931
55, 241, -1894
55, 241, -1894
60, 234, -1838
60, 234, -1838
60, 234, -1838
63, 251, -1757
63, 251, -1757
63, 254, -1549
43, 254, -1549
43, 254, -1549
41, 254, -1378
41, 254, -1378
41, 239, -1265
33, 239, -1265
33, 239, -1265
38, 257, -1195
38, 257, -1195
38, 249, -1153
36, 249, -1153
36, 249, -1153
22, 253, -1103
22, 253, -1103
22, 257, -995
21, 257, -995
21, 257, -995
50, 249, -988
50, 249, -988
50, 241, -1001
79, 241, -1001
79, 241, -1001
60, 252, -929
60, 252, -929
60, 262, -823
28, 262, -823
28, 262, -823
10, 259, -766
10, 259, -766
10, 259, -794
21, 243, -794
21, 243, -794
37, 243, -860
37, 243, -860
37, 243, -860
45, 261, -918
45, 261, -918
45, 267, -961
37, 267, -961
37, 267, -961
19, 262, -957
19, 262, -957
19, 262, -1014
8, 252, -1014
8, 252, -1014
27, 245, -1104
27, 245, -1104
27, 245, -1270
41, 253, -1270
41, 253, -1270
37, 246, -1380
37, 246, -1380
37, 246, -1534
34, 242, -1534
34, 242, -1534
33, 252, -1620
33, 252, -1620
33, 252, -1686
21, 245, -1686
21, 245, -1686
34, 241, -1745
34, 241, -1745
34, 241, -1816
39, 237, -1816
39, 237, -1816
51, 236, -1946
51, 236, -1946
51, 236, -1966
51, 242, -1966
51, 242, -1966
49, 243, -1916
49, 243, -1916
49, 243, -1975
44, 248, -1975
44, 248, -1975
50, 246, -2035
50, 246, -2035
50, 246, -2086
56, 238, -2086
56, 238, -2086
63, 239, -2137
63, 239, -2137
63, 239, -2078
65, 242, -2078
65, 242, -2078
51, 252, -1894
51, 252, -1894
51, 252, -1756
53, 243, -1756
53, 243, -1756
54, 238, -1587
54, 238, -1587
54, 238, -1432
46, 247, -1432
46, 247, -1432
41, 238, -1322
41, 238, -1322
41, 238, -1178
45, 254, -1178
45, 254, -1178
36, 260, -950
36, 260, -950
36, 260, -707
37, 252, -707
37, 252, -707
37, 254, -512
26, 254, -512
26, 254, -512
1, 257, -92
-5, 257, -92
-5, 257, -92
7, 267, -89
7, 267, -89
7, 267, -89
6, 258, -89
6, 258, -89
6, 258, -84
6, 257, -84
6, 257, -84
6, 246, -78
12, 246, -78
12, 246, -78
17, 246, -87
17, 246, -87
17, 246, -82
16, 246, -82
16, 246, -82
22, 253, -80
22, 253, -80
22, 253, -80
22, 256, -88
22, 256, -88
22, 253, -90
14, 253, -90
14, 253, -90
14, 246, -86
14, 246, -86
14, 246, -86
3, 263, -95
3, 263, -95
3, 262, -96
17, 262, -96
17, 262, -96
17, 270, -104
17, 270, -104
17, 270, -101
17, 263, -101
17, 263, -101
13, 268, -84
13, 268, -84
13, 268, -84
14, 273, -82
14, 273, -82
14, 273, -92
17, 269, -92
17, 269, -92
12, 265, -100
12, 265, -100
12, 265, -100
15, 264, -89
15, 264, -89
15, 272, -97
15, 272, -97
15, 272, -97
22, 266, -95
22, 266, -95
22, 266, -92
15, 271, -92
15, 271, -92
15, 272, -99
15, 272, -99
15, 272, -99
19, 256, -100
19, 256, -100
19, 263, -95
10, 263, -95
10, 263, -95
4, 269, -95
4, 269, -95
4, 269, -95
9, 268, -93
9, 268, -93
9, 268, -89
16, 268, -89
16, 268, -89
11, 274, -87
11, 274, -87
11, 274, -87
6, 268, -80
6, 268, -80
6, 264, -96
18, 264, -96
18, 264, -96
22, 256, -97
22, 256, -97
22, 256, -97
15, 258, -89
15, 258, -89
15, 262, -98
11, 262, -98
11, 262, -98
21, 251, -87
21, 251, -87
21, 251, -76
15, 257, -76
15, 257, -76
15, 253, -85
21, 253, -85
21, 253, -85
13, 254, -87
13, 254, -87
13, 254, -88
24, 258, -88
24, 258, -88
25, 255, -82
25, 255, -82
25, 255, -82
31, 258, -89
31, 258, -89
31, 258, -92
29, 272, -92
29, 272, -92
16, 262, -92
16, 262, -92
16, 262, -92
12, 256, -89
12, 256, -89
12, 267, -87
16, 267, -87
16, 267, -87
26, 268, -89
26, 268, -89
26, 268, -82
17, 262, -82
17, 262, -82
17, 272, -89
31, 272, -89
31, 272, -89
13, 275, -101
13, 275, -101
13, 275, -94
-29, 266, -94
-29, 266, -94
-32, 248, -100
-32, 248, -100
-32, 248, -100
0, 262, -93
0, 262, -93
0, 274, -93
14, 274, -93
14, 274, -93
14, 266, -94
14, 266, -94
14, 266, -87
7, 244, -87
7, 244, -87
7, 224, -87
-7, 224, -87
-7, 224, -87
-2, 226, -86
-2, 226, -86
-2, 226, -86
4, 221, -86
4, 221, -86
4, 209, -97
13, 209, -97
13, 209, -97
9, 209, -89
9, 209, -89
9, 209, -92
6, 234, -92
6, 234, -92
6, 256, -92
22, 256, -92
22, 256, -92
22, 273, -94
22, 273, -94
22, 273, -88
22, 291, -88
22, 291, -88
22, 298, -95
12, 298, -95
12, 298, -95
-4, 294, -88
-4, 294, -88
-4, 294, -85
-17, 267, -85
-17, 267, -85
-20, 254, -91
-20, 254, -91
-20, 254, -91
-3, 267, -86
-3, 267, -86
-3, 257, -92
17, 257, -92
17, 257, -92
23, 248, -89
23, 248, -89
23, 248, -89
34, 249, -98
34, 249, -98
34, 246, -96
28, 246, -96
28, 246, -96
92, 229, -92
92, 229, -92
92, 229, -81
196, 236, -81
196, 236, -81
196, 257, -84
121, 257, -84
121, 257, -84
57, 281, -84
57, 281, -84
57, 276, -87
40, 276, -87
40, 276, -87
24, 263, -91
24, 263, -91
24, 263, -91
14, 275, -94
14, 275, -94
14, 283, -97
25, 283, -97
25, 283, -97
29, 274, -88
29, 274, -88
29, 274, -92
20, 264, -92
20, 264, -92
20, 264, -88
13, 264, -88
13, 264, -88
5, 254, -93
5, 254, -93
5, 254, -98
-56, 262, -98
-56, 262, -98
-13, 270, -96
-13, 270, -96
-13, 270, -96
-11, 262, -94
-11, 262, -94
-11, 250, -90
-8, 250, -90
-8, 250, -90
-9, 250, -96
-9, 250, -96
-9, 250, -97
-2, 257, -97
-2, 257, -97
-2, 252, -87
1, 252, -87
1, 252, -87
-3, 259, -83
-3, 259, -83
-3, 259, -92
-7, 255, -92
-7, 255, -92
-7, 252, -96
10, 252, -96
10, 252, -96
6, 243, -86
6, 243, -86
6, 243, -87
5, 243, -87
5, 243, -87
5, 254, -84
-4, 254, -84
-4, 254, -84
-10, 263, -88
-10, 263, -88
-10, 263, -97
-22, 268, -97
-22, 268, -97
-42, 269, -93
-42, 269, -93
-42, 269, -93
-70, 296, -91
-70, 296, -91
-70, 321, -96
-121, 321, -96
-121, 321, -96
-176, 344, -107
-176, 344, -107
-176, 373, -125
-231, 373, -125
-231, 373, -125
-332, 415, -149
24, 260, -96
24, 260, -96
24, 276, -97
44, 276, -97
44, 276, -97
66, 264, -90
66, 264, -90
66, 264, -88
78, 263, -88
78, 263, -88
78, 274, -86
77, 274, -86
77, 274, -86
63, 274, -85
63, 274, -85
63, 274, -86
69, 267, -86
69, 267, -86
74, 266, -101
74, 266, -101
74, 266, -101
53, 265, -90
53, 265, -90
53, 263, -89
23, 263, -89
23, 263, -89
9, 266, -90
9, 266, -90
9, 266, -90
-1, 268, -93
-1, 268, -93
-1, 260, -95
12, 260, -95
12, 260, -95
9, 263, -92
9, 263, -92
9, 263, -92
18, 262, -90
18, 262, -90
18, 250, -94
28, 250, -94
28, 250, -94
49, 260, -91
49, 260, -91
49, 260, -87
43, 254, -87
43, 254, -87
43, 252, -93
34, 252, -93
34, 252, -93
29, 261, -101
29, 261, -101
29, 261, -95
15, 266, -95
15, 266, -95
0, 255, -90
0, 255, -90
0, 255, -90
-6, 257, -93
-6, 257, -93
-6, 257, -93
-6, 254, -93
-6, 254, -93
0, 257, -86
0, 257, -86
0, 257, -86
-8, 250, -96
-8, 250, -96
-8, 250, -90
-1, 263, -90
-1, 263, -90
30, 260, -87
30, 260, -87
30, 260, -87
44, 255, -89
44, 255, -89
44, 262, -93
55, 262, -93
55, 262, -93
52, 268, -97
52, 268, -97
52, 268, -97
25, 252, -95
25, 252, -95
25, 263, -95
14, 263, -95
14, 263, -95
11, 264, -100
11, 264, -100
11, 264, -95
10, 247, -95
10, 247, -95
11, 256, -92
11, 256, -92
11, 256, -92
15, 255, -92
15, 255, -92
15, 255, -96
14, 259, -96
14, 259, -96
17, 254, -80
17, 254, -80
17, 254, -80
24, 258, -89
24, 258, -89
24, 254, -97
37, 254, -97
37, 254, -97
26, 262, -95
26, 262, -95
26, 262, -95
16, 267, -95
16, 267, -95
16, 267, -96
14, 267, -96
14, 267, -96
11, 260, -96
11, 260, -96
11, 260, -104
6, 264, -104
6, 264, -104
-1, 255, -106
-1, 255, -106
-1, 255, -106
-20, 260, -92
-20, 260, -92
-20, 255, -103
-27, 255, -103
-27, 255, -103
-48, 246, -104
-48, 246, -104
-48, 249, -109
-48, 249, -109
-48, 249, -109
-63, 248, -103
-63, 248, -103
-63, 248, -99
-65, 242, -99
-65, 242, -99
-55, 248, -97
-55, 248, -97
-55, 248, -97
-44, 256, -99
-44, 256, -99
-44, 251, -106
-24, 251, -106
-24, 251, -106
-17, 254, -99
-17, 254, -99
-17, 254, -99
-25, 254, -99
-25, 254, -99
-32, 246, -102
-32, 246, -102
-32, 246, -99
-57, 251, -99
-57, 251, -99
-80, 252, -106
-80, 252, -106
-80, 252, -106
-77, 261, -109
-77, 261, -109
-77, 255, -107
-80, 255, -107
-80, 255, -107
-65, 252, -103
-65, 252, -103
-65, 243, -113
-80, 243, -113
-80, 243, -113
-64, 248, -109
-64, 248, -109
-64, 241, -109
-50, 241, -109
-50, 241, -109
-33, 246, -107
-33, 246, -107
-33, 246, -99
-9, 243, -99
-9, 243, -99
0, 241, -97
0, 241, -97
0, 241, -97
26, 256, -98
26, 256, -98
26, 256, -97
38, 252, -97
38, 252, -97
25, 238, -100
25, 238, -100
25, 238, -100
15, 248, -94
15, 248, -94
15, 246, -94
-19, 246, -94
-19, 246, -94
-62, 244, -101
-62, 244, -101
-62, 244, -104
-91, 253, -104
-91, 253, -104
-100, 247, -111
-100, 247, -111
-100, 247, -115
-83, 239, -115
-83, 239, -115
-62, 246, -100
-62, 246, -100
-62, 246, -103
-32, 246, -103
-32, 246, -103
-1, 255, -102
-1, 255, -102
-1, 255, -102
15, 259, -98
15, 259, -98
15, 279, -111
11, 279, -111
11, 279, -111
786, 937, -87
786, 937, -87
786, 937, -12
1217, 697, -12
1217, 697, -12
11, 327, -49
11, 327, -49
11, 327, -62
436, 425, -62
436, 425, -62
436, 391, -72
353, 391, -72
353, 391, -72
287, 336, -80
287, 336, -80
287, 316, -101
224, 316, -101
224, 316, -101
231, 320, -115
231, 320, -115
231, 320, -114
199, 313, -114
199, 313, -114
175, 296, -139
175, 296, -139
175, 296, -167
157, 295, -167
157, 295, -167
140, 287, -240
140, 287, -240
140, 287, -379
128, 273, -379
128, 273, -379
99, 268, -628
99, 268, -628
99, 268, -628
90, 271, -967
90, 271, -967
90, 267, -1168
79, 267, -1168
79, 267, -1168
69, 257, -1201
69, 257, -1201
69, 249, -1116
72, 249, -1116
72, 249, -1116
55, 260, -932
55, 260, -932
55, 248, -761
37, 248, -4, -2847
47, 244, -2847
47, 239, -2913
58, 239, -2913
58, 239, -2913
74, 257, -2955
74, 257, -2955
74, 253, -2970
75, 253, -2970
75, 253, -2970
77, 253, -3017
77, 253, -3017
77, 254, -3119
87, 254, -3119
87, 254, -3119
85, 257, -3142
85, 257, -3142
85, 251, -3117
75, 251, -3117
75, 251, -3117
76, 253, -3042
76, 253, -3042
76, 247, -2989
104, 247, -2989
104, 247, -2989
105, 251, -2979
105, 251, -2979
105, 254, -2962
92, 254, -2962
92, 254, -2962
74, 253, -3001
74, 253, -3001
74, 244, -3052
91, 244, -3052
91, 244, -3052
92, 257, -3126
92, 257, -3126
92, 259, -3182
84, 259, -3182
84, 259, -3182
85, 247, -3261
85, 247, -3261
85, 249, -3415
84, 249, -3415
84, 249, -3415
90, 248, -3512
90, 248, -3512
90, 243, -3617
107, 243, -3617
107, 243, -3617
127, 251, -3716
127, 251, -3716
127, 261, -3754
116, 261, -3754
116, 261, -3754
107, 250, -3853
107, 250, -3853
113, 257, -3887
113, 257, -3887
113, 257, -3887
116, 258, -3929
116, 258, -3929
103, 248, -3990
103, 248, -3990
103, 248, -4044
85, 240, -4044
85, 240, -4044
95, 239, -4105
95, 239, -4105
95, 239, -4106
112, 241, -4106
112, 241, -4106
117, 242, -4101
117, 242, -4101
117, 242, -4062
106, 260, -4062
106, 260, -4062
102, 246, -3978
102, 246, -3978
102, 246, -3981
90, 253, -3981
90, 253, -3981
94, 255, -3990
94, 255, -3990
94, 255, -3945
99, 247, -3945
99, 247, -3945
97, 238, -3973
97, 238, -3973
97, 238, -3995
93, 248, -3995
93, 248, -3995
98, 246, -4011
98, 246, -4011
98, 246, -3952
101, 259, -3952
101, 259, -3952
91, 256, -3918
91, 256, -3918
91, 256, -3906
91, 251, -3906
91, 251, -3906
87, 242, -3807
87, 242, -3807
87, 242, -3745
82, 244, -3745
82, 244, -3745
85, 235, -3671
85, 235, -3671
85, 235, -3623
61, 258, -3623
61, 258, -3623
50, 262, -3580
50, 262, -3580
50, 262, -3538
49, 256, -3538
49, 256, -3538
69, 242, -3505
69, 242, -3505
69, 242, -3456
73, 242, -3456
73, 242, -3456
73, 241, -3438
73, 241, -3438
73, 241, -3390
62, 248, -3390
62, 248, -3390
75, 256, -3415
75, 256, -3415
75, 256, -3368
84, 256, -3368
84, 256, -3368
88, 246, -3349
88, 246, -3349
88, 246, -3272
70, 255, -3272
70, 255, -3272
58, 258, -3228
58, 258, -3228
58, 258, -3216
64, 260, -3216
64, 260, -3216
64, 253, -3204
64, 253, -3204
64, 253, -3226
76, 250, -3226
76, 250, -3226
71, 249, -3196
71, 249, -3196
71, 249, -3218
61, 250, -3218
61, 250, -3218
83, 251, -3214
83, 251, -3214
83, 251, -3161
71, 250, -3161
71, 250, -3161
75, 260, -3110
75, 260, -3110
75, 260, -3102
93, 249, -3102
93, 249, -3102
71, 260, -3095
71, 260, -3095
71, 260, -3090
56, 251, -3090
56, 251, -3090
57, 241, -3115
57, 241, -3115
57, 241, -3122
62, 236, -3122
62, 236, -3122
64, 246, -3190
64, 246, -3190
64, 246, -3275
49, 255, -3275
49, 255, -3275
47, 266, -3317
47, 266, -3317
47, 266, -3407
55, 259, -3407
55, 259, -3407
79, 256, -3383
79, 256, -3383
79, 256, -3383
79, 252, -3391
79, 252, -3391
76, 251, -3385
76, 251, -3385
76, 251, -3385
65, 234, -3386
65, 234, -3386
74, 234, -3420
74, 234, -3420
74, 234, -3420
59, 238, -3401
59, 238, -3401
69, 241, -3420
69, 241, -3420
69, 241, -3420
72, 252, -3379
72, 252, -3379
73, 253, -3377
73, 253, -3377
73, 253, -3377
71, 240, -3359
71, 240, -3359
75, 249, -3343
75, 249, -3343
75, 249, -3343
78, 246, -3284
78, 246, -3284
85, 250, -3321
85, 250, -3321
85, 250, -3321
85, 246, -3354
85, 246, -3354
85, 251, -3351
81, 251, -3351
81, 251, -3351
80, 264, -3387
80, 264, -3387
80, 265, -3414
94, 265, -3414
94, 265, -3414
87, 257, -3454
87, 257, -3454
87, 265, -3516
69, 265, -3516
69, 265, -3516
74, 269, -3465
74, 269, -3465
74, 257, -3529
81, 257, -3529
81, 257, -3529
85, 263, -3631
85, 263, -3631
85, 263, -3747
70, 263, -3747
70, 263, -3747
70, 268, -3822
70, 268, -3822
70, 274, -3848
77, 274, -3848
77, 274, -3848
102, 262, -3825
155, 245, -5270
144, 258, -5270
144, 258, -5270
132, 248, -5232
132, 248, -5232
132, 248, -5152
135, 244, -5152
135, 244, -5152
117, 248, -5009
117, 248, -5009
117, 263, -4962
126, 263, -4962
126, 263, -4962
124, 257, -4912
124, 257, -4912
124, 254, -4907
110, 254, -4907
110, 254, -4907
105, 254, -4884
105, 254, -4884
112, 258, -4844
112, 258, -4844
112, 258, -4844
99, 251, -4863
99, 251, -4863
92, 251, -4839
92, 251, -4839
92, 251, -4839
101, 248, -4813
101, 248, -4813
94, 248, -4849
94, 248, -4849
94, 248, -4849
107, 247, -4892
107, 247, -4892
127, 242, -4946
127, 242, -4946
127, 242, -4966
119, 245, -4966
119, 245, -4966
118, 254, -4952
118, 254, -4952
118, 254, -4912
145, 253, -4912
145, 253, -4912
131, 256, -4896
131, 256, -4896
131, 256, -4970
119, 253, -4970
119, 253, -4970
140, 249, -4961
140, 249, -4961
140, 249, -4894
164, 236, -4894
164, 236, -4894
168, 235, -4792
168, 235, -4792
168, 243, -4773
168, 243, -4773
168, 243, -4773
172, 230, -4763
172, 230, -4763
172, 249, -4707
183, 249, -4707
183, 249, -4707
152, 240, -4656
152, 240, -4656
152, 230, -4596
142, 230, -4596
142, 230, -4596
146, 226, -4521
146, 226, -4521
155, 242, -4505
155, 242, -4505
155, 242, -4505
145, 245, -4497
145, 245, -4497
117, 239, -4522
117, 239, -4522
117, 239, -4504
114, 247, -4504
114, 247, -4504
92, 252, -4463
92, 252, -4463
92, 252, -4433
95, 252, -4433
95, 252, -4433
93, 252, -4440
93, 252, -4440
93, 252, -4422
83, 252, -4422
83, 252, -4422
87, 255, -4299
87, 255, -4299
87, 255, -4216
106, 258, -4216
106, 258, -4216
94, 260, -4138
94, 260, -4138
94, 260, -4033
83, 261, -4033
83, 261, -4033
84, 254, -3897
84, 254, -3897
84, 254, -3756
85, 247, -3756
85, 247, -3756
94, 267, -3657
94, 267, -3657
94, 267, -3515
108, 251, -3515
108, 251, -3515
97, 256, -3395
97, 256, -3395
97, 256, -3324
90, 244, -3324
90, 244, -3324
98, 253, -3246
98, 253, -3246
98, 253, -3183
89, 250, -3183
89, 250, -3183
104, 242, -3104
104, 242, -3104
104, 242, -3005
115, 244, -3005
115, 244, -3005
104, 249, -2975
104, 249, -2975
104, 249, -2967
79, 245, -2967
79, 245, -2967
86, 237, -2920
86, 237, -2920
86, 237, -2852
76, 247, -2852
76, 247, -2852
69, 245, -2796
69, 245, -2796
69, 245, -2766
71, 240, -2766
71, 240, -2766
76, 249, -2715
76, 249, -2715
76, 249, -2680
80, 245, -2680
80, 245, -2680
77, 258, -2643
77, 258, -2643
77, 258, -2667
69, 251, -2667
69, 251, -2667
77, 245, -2648
77, 245, -2648
77, 245, -2644
97, 257, -2644
97, 257, -2644
104, 239, -2643
104, 239, -2643
104, 239, -2608
94, 243, -2608
94, 243, -2608
97, 252, -2567
97, 252, -2567
97, 252, -2517
83, 249, -2517
83, 249, -2517
89, 246, -2470
89, 246, -2470
89, 246, -2424
75, 246, -2424
75, 246, -2424
84, 255, -2398
84, 255, -2398
84, 255, -2396
69, 257, -2396
69, 257, -2396
78, 256, -2378
78, 256, -2378
78, 256, -2348
64, 249, -2348
64, 249, -2348
52, 246, -2399
52, 246, -2399
52, 246, -2391
59, 259, -2391
59, 259, -2391
41, 256, -2382
41, 256, -2382
41, 256, -2428
56, 262, -2428
56, 262, -2428
50, 261, -2477
50, 261, -2477
50, 261, -2527
63, 261, -2527
63, 261, -2527
47, 242, -2646
47, 242, -2646
47, 242, -2692
45, 253, -2692
45, 253, -2692
31, 262, -2734
31, 262, -2734
31, 262, -2779
31, 263, -2779
31, 263, -2779
41, 261, -2894
41, 261, -2894
41, 261, -2983
31, 261, -2983
31, 261, -2983
24, 259, -3032
24, 259, -3032
24, 259, -3082
72, 266, -3082
72, 266, -3082
45, 266, -3146
45, 266, -3146
45, 266, -3240
45, 268, -3240
45, 268, -3240
52, 263, -3296
52, 263, -3296
52, 263, -3299
52, 258, -3299
52, 258, -3299
72, 258, -3357
72, 258, -3357
72, 258, -3372
90, 257, -3372
90, 257, -3372
97, 250, -3422
97, 250, -3422
97, 250, -3486
84, 250, -3486
84, 250, -3486
108, 264, -3540
108, 264, -3540
108, 264, -3574
122, 247, -3574
122, 247, -3574
94, 244, -2553
94, 244, -2553
94, 243, -2571
70, 243, -2571
70, 243, -2571
64, 252, -2615
64, 252, -2615
64, 250, -2654
66, 250, -2654
66, 250, -2654
67, 246, -2683
67, 246, -2683
67, 247, -2669
82, 247, -2669
82, 247, -2669
81, 257, -2639
81, 257, -2639
81, 253, -2693
79, 253, -2693
79, 253, -2693
82, 240, -2738
82, 240, -2738
82, 238, -2755
74, 238, -2755
74, 238, -2755
71, 257, -2739
71, 257, -2739
71, 260, -2674
71, 260, -2674
71, 260, -2674
57, 247, -2687
57, 247, -2687
57, 248, -2672
75, 248, -2672
75, 248, -2672
92, 256, -2668
92, 256, -2668
92, 256, -2666
100, 252, -2666
100, 252, -2666
105, 256, -2665
105, 256, -2665
105, 233, -2673
118, 233, -2673
118, 233, -2673
97, 245, -2679
97, 245, -2679
97, 246, -2675
63, 246, -2675
63, 246, -2675
43, 252, -2685
43, 252, -2685
43, 248, -2688
58, 248, -2688
58, 248, -2688
69, 251, -2685
69, 251, -2685
69, 246, -2678
80, 246, -2678
80, 246, -2678
91, 240, -2668
91, 240, -2668
91, 246, -2661
108, 246, -2661
108, 246, -2661
86, 243, -2650
86, 243, -2650
86, 253, -2612
64, 253, -2612
64, 253, -2612
79, 253, -2604
79, 253, -2604
79, 245, -2593
72, 245, -2593
72, 245, -2593
82, 246, -2587
82, 246, -2587
82, 242, -2573
83, 242, -2573
83, 242, -2573
86, 252, -2548
86, 252, -2548
86, 246, -2544
81, 246, -2544
81, 246, -2544
92, 230, -2529
92, 230, -2529
92, 249, -2501
80, 249, -2501
80, 249, -2501
64, 242, -2481
64, 242, -2481
64, 238, -2482
65, 238, -2482
65, 238, -2482
77, 247, -2463
77, 247, -2463
77, 252, -2441
83, 252, -2441
83, 252, -2441
75, 249, -2444
75, 249, -2444
75, 243, -2468
73, 243, -2468
73, 243, -2468
86, 246, -2483
86, 246, -2483
86, 246, -2468
82, 240, -2468
82, 240, -2468
70, 248, -2508
70, 248, -2508
70, 248, -2547
81, 252, -2547
81, 252, -2547
83, 254, -2564
83, 254, -2564
83, 254, -2581
97, 243, -2581
97, 243, -2581
88, 236, -2607
88, 236, -2607
88, 236, -2610
72, 231, -2610
72, 231, -2610
73, 246, -2599
73, 246, -2599
73, 246, -2624
58, 251, -2624
58, 251, -2624
65, 245, -2645
65, 245, -2645
65, 245, -2671
84, 251, -2671
84, 251, -2671
126, 248, -2707
126, 248, -2707
126, 248, -2735
112, 245, -2735
112, 245, -2735
113, 235, -2732
113, 235, -2732
113, 236, -2712
111, 236, -2712
111, 236, -2712
108, 236, -2744
108, 236, -2744
108, 247, -2743
97, 247, -2743
97, 247, -2743
80, 248, -2770
80, 248, -2770
80, 247, -2735
89, 247, -2735
89, 247, -2735
90, 246, -2786
90, 246, -2786
90, 237, -2794
64, 237, -2794
64, 237, -2794
74, 244, -2848
74, 244, -2848
74, 239, -2885
63, 239, -2885
63, 239, -2885
72, 236, -2879
72, 236, -2879
72, 235, -2900
79, 235, -2900
79, 235, -2900
100, 239, -2894
100, 239, -2894
100, 236, -2927
96, 236, -2927
96, 236, -2927
82, 241, -2934
82, 241, -2934
82, 243, -2930
79, 243, -2930
79, 243, -2930
89, 246, -2954
89, 246, -2954
89, 235, -2912
76, 235, -2912
76, 235, -2912
82, 232, -2876
82, 232, -2876
82, 240, -2858
87, 240, -2858
87, 240, -2858
78, 238, -2769
78, 238, -2769
78, 239, -2681
98, 239, -2681
98, 239, -2681
75, 234, -2579
75, 234, -2579
75, 242, -2432
96, 242, -2432
96, 242, -2432
110, 241, -2328
110, 241, -2328
110, 224, -2249
118, 224, -2249
118, 224, -2249
141, 227, -2203
141, 227, -2203
141, 222, -2173
131, 222, -2173
131, 222, -2173
99, 227, -2180
99, 227, -2180
99, 231, -2187
79, 231, -2187
79, 231, -2187
76, 233, -2199
76, 233, -2199
76, 236, -2250
78, 236, -2250
78, 236, -2250
88, 239, -2269
88, 239, -2269
88, 229, -2283
82, 229, -2283
82, 229, -2283
64, 232, -2278
64, 232, -2278
64, 250, -2331
75, 250, -2331
75, 250, -2331
71, 251, -2356
71, 251, -2356
71, 249, -2381
50, 249, -2381
50, 249, -2381
44, 253, -2339
44, 253, -2339
44, 259, -2292
48, 259, -2292
48, 259, -2292
48, 252, -2291
48, 252, -2291
48, 257, -2280
26, 257, -2280
26, 257, -2280
137, 230, -2697
121, 238, -2601
121, 238, -2601
121, 238, -2601
116, 245, -2567
116, 245, -2567
105, 250, -2485
105, 250, -2485
105, 250, -2437
113, 252, -2437
113, 252, -2437
118, 253, -2331
118, 253, -2331
118, 253, -2228
137, 225, -2228
137, 225, -2228
132, 236, -2188
132, 236, -2188
132, 236, -2109
108, 245, -2109
108, 245, -2109
86, 240, -1994
86, 240, -1994
86, 237, -1928
80, 237, -1928
80, 237, -1928
77, 235, -1884
77, 235, -1884
77, 242, -1831
67, 242, -1831
67, 242, -1831
85, 253, -1788
85, 253, -1788
85, 248, -1768
82, 248, -1768
82, 248, -1768
70, 239, -1699
70, 239, -1699
70, 239, -1649
72, 234, -1649
72, 234, -1649
66, 242, -1603
66, 242, -1603
66, 242, -1538
67, 251, -1538
67, 251, -1538
55, 246, -1502
55, 246, -1502
55, 246, -1457
58, 252, -1457
58, 252, -1457
75, 237, -1445
75, 237, -1445
75, 237, -1447
87, 232, -1447
87, 232, -1447
59, 246, -1472
59, 246, -1472
59, 246, -1522
57, 252, -1522
57, 252, -1522
58, 241, -1548
58, 241, -1548
58, 241, -1509
70, 243, -1509
70, 243, -1509
54, 246, -1515
54, 246, -1515
54, 246, -1491
41, 245, -1491
41, 245, -1491
45, 246, -1456
45, 246, -1456
45, 246, -1468
52, 246, -1468
52, 246, -1468
34, 241, -1494
34, 241, -1494
34, 241, -1541
36, 240, -1541
36, 240, -1541
44, 246, -1555
44, 246, -1555
44, 246, -1610
39, 245, -1610
39, 245, -1610
36, 251, -1631
36, 251, -1631
36, 251, -1652
26, 250, -1652
26, 250, -1652
37, 247, -1676
37, 247, -1676
37, 247, -1673
40, 242, -1673
40, 242, -1673
38, 247, -1662
38, 247, -1662
38, 247, -1687
38, 242, -1687
38, 242, -1687
50, 236, -1687
50, 236, -1687
50, 236, -1721
44, 238, -1721
44, 238, -1721
59, 241, -1768
59, 241, -1768
59, 241, -1740
56, 249, -1740
56, 249, -1740
44, 249, -1777
44, 249, -1777
44, 249, -1821
45, 246, -1821
45, 246, -1821
38, 252, -1783
38, 252, -1783
38, 252, -1765
33, 248, -1765
33, 248, -1765
47, 242, -1786
47, 242, -1786
47, 242, -1788
53, 255, -1788
53, 255, -1788
53, 248, -1832
53, 248, -1832
53, 248, -1898
46, 236, -1898
46, 236, -1898
66, 236, -1866
66, 236, -1866
66, 236, -1911
68, 248, -1911
68, 248, -1911
59, 240, -1925
59, 240, -1925
59, 240, -1952
39, 255, -1952
39, 255, -1952
61, 243, -1943
61, 243, -1943
61, 243, -1953
65, 241, -1953
65, 241, -1953
47, 247, -1977
47, 247, -1977
47, 247, -2028
43, 248, -2028
43, 248, -2028
53, 252, -2116
53, 252, -2116
53, 252, -2159
56, 260, -2159
56, 260, -2159
47, 256, -2147
47, 256, -2147
47, 256, -2210
42, 237, -2210
42, 237, -2210
36, 241, -2184
36, 241, -2184
36, 241, -2187
55, 243, -2187
55, 243, -2187
58, 238, -2170
58, 238, -2170
58, 238, -2179
48, 245, -2179
48, 245, -2179
61, 237, -2159
61, 237, -2159
61, 237, -2179
61, 247, -2179
61, 247, -2179
72, 254, -2225
72, 254, -2225
72, 254, -2225
58, 252, -2224
58, 252, -2224
50, 247, -2232
50, 247, -2232
50, 247, -2232
69, 246, -2184
69, 246, -2184
61, 247, -2066
61, 247, -2066
61, 247, -2066
51, 239, -2025
51, 239, -2025
49, 236, -1991
49, 236, -1991
49, 236, -1991
49, 246, -1930
49, 246, -1930
58, 235, -1962
58, 235, -1962
58, 235, -1962
56, 244, -1980
56, 244, -1980
42, 235, -1906
42, 235, -1906
42, 235, -1906
57, 230, -1868
57, 230, -1868
45, 247, -1889
45, 247, -1889
45, 247, -1889
46, 251, -1885
46, 251, -1885
46, 256, -1872
58, 256, -1872
58, 256, -1872
58, 250, -1835
58, 250, -1835
58, 238, -1828
60, 238, -1828
60, 238, -1828
54, 235, -1887
54, 235, -1887
54, 243, -1958
62, 243, -1958
62, 243, -1958
50, 240, -1977
50, 240, -1977
50, 246, -1972
48, 246, -1972
48, 246, -1972
46, 242, -1966
46, 242, -1966
46, 239, -1977
52, 239, -1977
52, 239, -1977
33, 249, -1959
33, 249, -1959
33, 256, -1950
38, 256, -1950
38, 256, -1950
64, 247, -1949
64, 247, -1949
64, 245, -1876
62, 245, -1876
62, 245, -1876
54, 243, -1810
54, 243, -1810
55, 250, -1748
54, 246, -1706
54, 246, -1706
54, 246, -1714
55, 252, -1714
55, 252, -1714
60, 250, -1639
60, 250, -1639
60, 250, -1579
63, 238, -1579
63, 238, -1579
62, 253, -1382
62, 253, -1382
62, 253, -1173
54, 249, -1173
54, 249, -1173
45, 262, -1056
45, 262, -1056
45, 262, -909
40, 261, -909
40, 261, -909
50, 245, -821
50, 245, -821
50, 245, -821
33, 244, -727
33, 244, -727
33, 267, -591
26, 267, -591
26, 267, -591
16, 256, -457
16, 256, -457
16, 241, -333
11, 241, -333
11, 241, -333
8, 242, -237
8, 242, -237
8, 242, -159
2, 255, -159
2, 255, -159
2, 256, -132
1, 256, -132
1, 256, -132
2, 246, -108
2, 246, -108
2, 246, -103
-1, 236, -103
-1, 236, -103
-4, 246, -104
-4, 246, -104
-4, 246, -104
-14, 251, -89
-14, 251, -89
-14, 246, -98
-10, 246, -98
-10, 246, -98
-6, 258, -105
-6, 258, -105
-6, 258, -112
-4, 260, -112
-4, 260, -112
1, 248, -108
1, 248, -108
1, 248, -94
-2, 267, -94
-2, 267, -94
-2, 260, -91
1, 260, -91
1, 260, -91
7, 256, -94
7, 256, -94
7, 256, -94
7, 251, -92
7, 251, -92
7, 252, -88
10, 252, -88
10, 252, -88
19, 259, -91
19, 259, -91
19, 259, -91
26, 263, -100
26, 263, -100
26, 248, -96
34, 248, -96
34, 248, -96
25, 263, -90
25, 263, -90
25, 263, -102
27, 249, -102
27, 249, -102
34, 255, -96
34, 255, -96
34, 255, -96
33, 264, -107
33, 264, -107
33, 260, -107
24, 260, -107
24, 260, -107
30, 248, -101
30, 248, -101
30, 248, -101
29, 257, -101
29, 257, -101
24, 263, -103
24, 263, -103
24, 263, -103
28, 248, -102
28, 248, -102
28, 248, -97
38, 248, -97
38, 248, -97
28, 241, -97
28, 241, -97
28, 241, -97
27, 251, -97
27, 251, -97
26, 255, -97
26, 255, -97
26, 255, -97
21, 248, -106
21, 248, -106
21, 254, -106
37, 254, -106
37, 254, -106
31, 259, -107
31, 259, -107
31, 259, -105
26, 255, -105
26, 255, -105
38, 248, -111
38, 248, -111
38, 248, -108
42, 250, -108
42, 250, -108
42, 249, -92
40, 249, -92
40, 249, -92
25, 248, -89
25, 248, -89
25, 248, -92
46, 249, -92
46, 249, -92
44, 247, -108
44, 247, -108
44, 247, -108
53, 251, -106
53, 251, -106
53, 248, -100
50, 248, -100
50, 248, -100
46, 251, -101
46, 251, -101
46, 251, -95
44, 254, -95
44, 254, -95
51, 265, -93
51, 265, -93
51, 265, -93
40, 257, -92
40, 257, -92
40, 254, -91
38, 254, -91
38, 254, -91
30, 247, -88
30, 247, -88
30, 247, -90
23, 259, -90
23, 259, -90
23, 250, -100
33, 250, -100
33, 250, -100
35, 247, -107
35, 247, -107
35, 259, -100
35, 259, -100
35, 259, -100
22, 261, -98
22, 261, -98
22, 261, -105
40, 264, -105
40, 264, -105
53, 259, -92
53, 259, -92
53, 259, -92
53, 257, -95
53, 257, -95
53, 247, -103
56, 247, -103
56, 247, -103
59, 249, -106
59, 249, -106
59, 249, -102
63, 253, -102
63, 253, -102
63, 251, -95
63, 251, -95
63, 251, -95
67, 253, -92
67, 253, -92
67, 256, -103
62, 256, -103
62, 256, -103
62, 257, -106
62, 257, -106
62, 257, -102
49, 259, -102
49, 259, -102
43, 251, -98
43, 251, -98
43, 251, -98
43, 243, -105
43, 243, -105
43, 244, -109
35, 244, -109
35, 244, -109
36, 240, -106
36, 240, -106
36, 240, -102
43, 245, -102
43, 245, -102
28, 249, -100
28, 249, -100
28, 249, -103
29, 243, -103
29, 243, -103
29, 249, -108
24, 249, -108
24, 249, -108
28, 246, -96
28, 246, -96
28, 258, -100
30, 258, -100
30, 258, -100
16, 250, -94
16, 250, -94
16, 250, -96
16, 258, -96
16, 258, -96
16, 254, -98
27, 254, -98
27, 254, -98
20, 266, -99
20, 266, -99
20, 266, -103
1, 255, -103
1, 255, -103
1, 251, -111
1, 251, -111
1, 251, -111
-8, 254, -104
-8, 254, -104
-8, 266, -97
-11, 266, -97
-11, 266, -97
2, 260, -101
2, 260, -101
2, 260, -114
-3, 262, -114
-3, 262, -114
-3, 252, -119
8, 252, -119
8, 252, -119
12, 249, -103
12, 249, -103
12, 249, -99
15, 257, -99
15, 257, -99
28, 253, -98
28, 253, -98
28, 253, -98
35, 254, -93
35, 254, -93
38, 261, -109
46, 261, -109
46, 261, -109
39, 265, -103
39, 265, -103
39, 256, -120
32, 256, -120
32, 256, -120
-3, 257, -110
-3, 257, -110
-3, 257, -114
-28, 260, -114
-28, 260, -114
-48, 254, -110
-48, 254, -110
-48, 254, -113
-59, 246, -113
-59, 246, -113
-54, 244, -103
-54, 244, -103
-54, 244, -103
-58, 249, -107
-58, 249, -107
-58, 253, -108
-41, 253, -108
-41, 253, -108
-16, 248, -106
-16, 248, -106
-16, 259, -98
19, 259, -98
19, 259, -98
56, 255, -97
56, 255, -97
56, 255, -105
559, 383, -105
559, 383, -105
1195, 448, 16
1195, 448, 16
1195, 448, -60
301, 300, -60
301, 300, -60
301, 267, -97
154, 267, -97
154, 267, -97
138, 273, -99
138, 273, -99
138, 261, -91
109, 261, -91
109, 261, -91
82, 268, -96
82, 268, -96
82, 268, -87
70, 259, -87
70, 259, -87
70, 267, -96
58, 267, -96
58, 267, -96
71, 271, -100
71, 271, -100
71, 271, -95
64, 260, -95
64, 260, -95
51, 261, -96
51, 261, -96
51, 261, -96
59, 253, -105
59, 253, -105
59, 243, -97
74, 243, -97
74, 243, -97
67, 254, -97
67, 254, -97
67, 254, -100
64, 252, -100
64, 252, -100
59, 244, -98
59, 244, -98
59, 244, -98
66, 246, -88
66, 246, -88
66, 249, -90
72, 249, -90
72, 249, -90
64, 252, -101
64, 252, -101
64, 252, -101
61, 247, -85
61, 247, -85
61, 251, -91
60, 251, -91
60, 251, -91
48, 253, -90
48, 253, -90
48, 253, -97
67, 246, -97
67, 246, -97
67, 247, -110
58, 247, -110
58, 247, -110
56, 246, -108
56, 246, -108
56, 251, -102
44, 251, -102
44, 251, -102
39, 250, -107
39, 250, -107
39, 250, -101
41, 261, -101
41, 261, -101
32, 259, -98
32, 259, -98
32, 259, -98
47, 262, -98
47, 262, -98
47, 255, -104
39, 255, -104
39, 255, -104
46, 251, -96
46, 251, -96
46, 251, -92
54, 246, -92
54, 246, -92
62, 241, -93
62, 241, -93
62, 241, -93
58, 249, -94
58, 249, -94
58, 249, -87
55, 255, -87
55, 255, -87
68, 252, -97
68, 252, -97
68, 252, -97
57, 249, -86
57, 249, -86
57, 241, -90
59, 241, -90
59, 241, -90
58, 255, -88
58, 255, -88
58, 255, -96
59, 250, -96
59, 250, -96
59, 248, -99
58, 248, -99
58, 248, -99
48, 248, -91
48, 248, -91
48, 248, -93
61, 249, -93
61, 249, -93
61, 254, -89
57, 254, -89
57, 254, -89
59, 243, -85
59, 243, -85
59, 243, -87
71, 238, -87
71, 238, -87
63, 245, -90
63, 245, -90
63, 245, -90
68, 243, -82
68, 243, -82
68, 242, -81
68, 242, -81
68, 242, -81
61, 255, 36
61, 255, 36
61, 255, 36
57, 262, 483
57, 262, 483
57, 254, 652
40, 254, 652
40, 254, 652
51, 253, 509
51, 253, 509
51, 253, 598
52, 255, 598
52, 255, 598
34, 268, 885
34, 268, 885
34, 268, 885
16, 265, 1234
16, 265, 1234
16, 274, 1562
22, 274, 1562
22, 274, 1562
18, 276, 1867
18, 276, 1867
18, 275, 2180
41, 275, 2180
41, 275, 2180
20, 279, 2337
20, 279, 2337
20, 279, 2459
-4, 284, 2459
-4, 284, 2459
-16, 266, 2522
-16, 266, 2522
-16, 266, 2215
-69, 288, 2215
-69, 288, 2215
-72, 281, 1423
-72, 281, 1423
-72, 281, 659
-33, 278, 659
-33, 278, 659
-14, 264, 343
-14, 264, 343
-14, 264, 343
-1, 265, 36
-1, 265, 36
-1, 253, -47
20, 253, -47
20, 253, -47
25, 249, -65
25, 249, -65
25, 249, -67
24, 241, -67
24, 241, -67
24, 243, -79
17, 243, -79
17, 243, -79
24, 248, -71
24, 248, -71
24, 248, -78
35, 248, -78
35, 248, -78
53, 252, -93
53, 252, -93
53, 252, -93
54, 258, -99
54, 258, -99
54, 258, -85
42, 251, -85
42, 251, -85
46, 255, -73
46, 255, -73
46, 255, -73
50, 261, -47
50, 261, -47
50, 265, -16
47, 265, -16
47, 265, -16
21, 259, 237
21, 259, 237
21, 259, 788
-11, 272, 788
-11, 272, 788
-11, 271, 1296
-52, 271, 1296
-52, 271, 1296
-81, 278, 1671
-81, 278, 1671
-10, 282, 1484
-10, 282, 1484
-10, 282, 1484
-7, 266, 936
-7, 266, 936
-7, 260, 529
-6, 260, 529
-6, 260, 529
-1, 245, 250
-1, 245, 250
-1, 245, 72
-14, 244, 72
-14, 244, 72
-1, 246, -17
-1, 246, -17
-1, 246, -17
11, 262, -58
11, 262, -58
1 -63
-88, 250, -63
-95, 241, -68
-95, 241, -68
-95, 251, -62
-87, 251, -62
-87, 251, -62
-77, 247, -55
-77, 247, -55
-77, 247, -55
-65, 253, -55
-65, 253, -55
-73, 252, -54
-73, 252, -54
-73, 252, -54
-50, 245, -29
-50, 245, -29
-50, 243, -16
-64, 243, -16
-64, 243, -16
-76, 245, 33
-76, 245, 33
-76, 245, 76
-82, 248, 76
-82, 248, 76
-82, 250, 129
-73, 250, 129
-73, 250, 129
-59, 258, 196
-59, 258, 196
-59, 263, 246
-59, 263, 246
-59, 263, 246
-48, 263, 297
-48, 263, 297
-48, 263, 339
-58, 261, 339
-58, 261, 339
-58, 256, 450
-58, 256, 450
-58, 256, 578
-58, 251, 578
-58, 251, 578
-58, 255, 699
-62, 255, 699
-62, 255, 699
-47, 260, 735
-47, 260, 735
-47, 257, 808
-56, 257, 808
-56, 257, 808
-44, 250, 849
-44, 250, 849
-44, 250, 890
-43, 254, 890
-43, 254, 890
-50, 256, 949
-50, 256, 949
-50, 256, 949
-50, 254, 1032
-50, 254, 1032
-47, 249, 1117
-47, 249, 1117
-47, 249, 1117
-51, 248, 1218
-51, 248, 1218
-63, 246, 1379
-63, 246, 1379
-63, 246, 1379
-63, 246, 1491
-63, 246, 1491
-81, 253, 1694
-81, 253, 1694
-81, 253, 1694
-92, 264, 1877
-92, 264, 1877
-82, 259, 1897
-82, 259, 1897
-82, 259, 1897
-70, 259, 1950
-70, 259, 1950
-63, 249, 1982
-63, 249, 1982
-63, 249, 1982
-54, 261, 2022
-54, 261, 2022
-46, 255, 2025
-46, 255, 2025
-46, 255, 2025
-45, 256, 1993
-45, 256, 1993
-30, 260, 1913
-30, 260, 1913
-30, 260, 1913
-48, 258, 1868
-48, 258, 1868
-58, 264, 1846
-58, 264, 1846
-58, 264, 1846
-74, 278, 1771
-74, 278, 1771
-89, 258, 1688
-89, 258, 1688
-89, 258, 1688
-82, 267, 1637
-82, 267, 1637
-71, 264, 1576
-71, 264, 1576
-71, 264, 1576
-48, 254, 1548
-48, 254, 1548
-46, 254, 1615
-46, 254, 1615
-46, 254, 1621
-44, 256, 1621
-44, 256, 1621
-54, 258, 1575
-54, 258, 1575
-54, 258, 1492
-47, 262, 1492
-47, 262, 1492
-40, 264, 1422
-40, 264, 1422
-40, 264, 1389
-49, 259, 1389
-49, 259, 1389
-28, 256, 1377
-28, 256, 1377
-28, 256, 1339
-26, 266, 1339
-26, 266, 1339
-28, 264, 1316
-28, 264, 1316
-28, 264, 1273
-31, 265, 1273
-31, 265, 1273
-45, 268, 1217
-45, 268, 1217
-45, 268, 1203
-27, 258, 1203
-27, 258, 1203
-32, 272, 1187
-32, 272, 1187
-32, 272, 1161
-31, 272, 1161
-31, 272, 1161
-22, 260, 1038
-22, 260, 1038
-22, 260, 857
-16, 262, 857
-16, 262, 857
-19, 262, 728
-19, 262, 728
-19, 262, 728
-26, 260, 674
-26, 260, 674
-26, 255, 662
-39, 255, 662
-39, 255, 662
-52, 256, 630
-52, 256, 630
-52, 256, 591
-32, 259, 591
-32, 259, 591
-25, 257, 523
-25, 257, 523
-25, 257, 484
-19, 255, 484
-19, 255, 484
-19, 261, 436
-29, 261, 436
-29, 261, 436
-39, 266, 405
-39, 266, 405
-39, 267, 329
-24, 267, 329
-24, 267, 329
-17, 275, 280
-17, 275, 280
-17, 275, 295
-11, 266, 295
-11, 266, 295
-8, 256, 282
-8, 256, 282
-8, 256, 222
-7, 256, 222
-7, 256, 222
-7, 256, 172
-4, 256, 172
-4, 256, 172
5, 249, 133
5, 249, 133
5, 249, 100
-3, 252, 100
-3, 252, 100
-2, 251, 71
-2, 251, 71
-2, 251, 71
9, 248, 55
9, 248, 55
9, 248, 41
21, 253, 41
21, 253, 41
21, 261, 47
10, 261, 47
10, 261, 47
6, 259, 65
6, 259, 65
6, 259, 65
7, 264, 71
7, 264, 71
7, 252, 84
10, 252, 84
10, 252, 84
7, 253, 84
7, 253, 84
7, 253, 84
22, 258, 95
22, 258, 95
22, 258, 107
14, 257, 107
14, 257, 107
14, 246, 132
14, 246, 132
14, 246, 132
10, 244, 125
10, 244, 125
10, 243, 128
21, 243, 128
21, 243, 128
9, 250, 123
9, 250, 123
9, 250, 143
7, 250, 143
7, 250, 143
7, 261, 182
-9, 261, 182
-9, 261, 182
-8, 259, 206
-8, 259, 206
-8, 259, 218
-8, 252, 218
-8, 252, 218
-1, 262, 203
-1, 262, 203
-1, 262, 203
5, 262, 210
5, 262, 210
5, 256, 208
8, 256, 208
8, 256, 208
9, 262, 213
9, 262, 213
9, 262, 207
12, 248, 207
12, 248, 207
12, 243, 220
29, 243, 220
29, 243, 220
13, 247, 218
13, 247, 218
13, 247, 252
10, 245, 252
10, 245, 252
3, 246, 271
3, 246, 271
3, 246, 271
11, 239, 293
11, 239, 293
1
-28, 257, 1677
-28, 254, 1597
-28, 254, 1597
-28, 263, 1522
-36, 263, 1522
-36, 263, 1522
-47, 259, 1653
-47, 259, 1653
-47, 260, 1798
-48, 260, 1798
-48, 260, 1798
-28, 243, 1877
-28, 243, 1877
-43, 261, 1996
-43, 261, 1996
-43, 261, 1996
-39, 257, 2049
-39, 257, 2049
-7, 255, 2105
-7, 255, 2105
-7, 255, 2105
-16, 245, 2107
-16, 245, 2107
-16, 241, 2061
-2, 241, 2061
-2, 241, 2061
-24, 251, 2084
-24, 251, 2084
-24, 261, 2134
-36, 261, 2134
-36, 261, 2134
-43, 266, 2094
-43, 266, 2094
-43, 262, 2078
-37, 262, 2078
-37, 262, 2078
-26, 253, 2059
-26, 253, 2059
-26, 255, 2079
-33, 255, 2079
-33, 255, 2079
-39, 266, 2039
-39, 266, 2039
-39, 264, 1987
-50, 264, 1987
-50, 264, 1987
-54, 252, 1862
-54, 252, 1862
-54, 243, 1783
-46, 243, 1783
-46, 243, 1783
-44, 258, 1682
-44, 258, 1682
-44, 257, 1632
-48, 257, 1632
-48, 257, 1632
-41, 255, 1613
-41, 255, 1613
-41, 261, 1586
-55, 261, 1586
-55, 261, 1586
-60, 267, 1515
-60, 267, 1515
-60, 262, 1394
-32, 262, 1394
-32, 262, 1394
-34, 269, 1277
-34, 269, 1277
-34, 267, 1223
-20, 267, 1223
-20, 267, 1223
-19, 261, 1179
-19, 261, 1179
-19, 258, 1113
-23, 258, 1113
-23, 258, 1113
-17, 253, 1017
-17, 253, 1017
-17, 255, 1026
-15, 255, 1026
-15, 255, 1026
-10, 263, 1034
-10, 263, 1034
-10, 269, 976
-8, 269, 976
-8, 269, 976
-10, 265, 968
-10, 265, 968
-10, 251, 1005
-6, 251, 1005
-6, 251, 1005
-12, 265, 997
-12, 265, 997
-12, 265, 924
-11, 255, 924
-11, 255, 924
-17, 245, 871
-17, 245, 871
-17, 245, 871
-14, 253, 860
-14, 253, 860
-14, 260, 885
10, 260, 885
10, 260, 885
-2, 257, 870
-2, 257, 870
-2, 257, 824
-2, 252, 824
-2, 252, 824
0, 261, 841
0, 261, 841
0, 261, 841
-2, 262, 888
-2, 262, 888
-2, 270, 886
-7, 270, 886
-7, 270, 886
-8, 272, 829
-8, 272, 829
-8, 272, 814
-7, 267, 814
-7, 267, 814
-7, 256, 855
-20, 256, 855
-20, 256, 855
-34, 251, 911
-34, 251, 911
-34, 247, 919
-17, 247, 919
-17, 247, 919
-21, 263, 864
-21, 263, 864
-21, 263, 917
-28, 265, 917
-28, 265, 917
-27, 271, 1103
-27, 271, 1103
-27, 271, 1330
-27, 263, 1330
-27, 263, 1330
-22, 256, 1515
-22, 256, 1515
-22, 256, 1611
-23, 259, 1611
-23, 259, 1611
-27, 256, 1741
-27, 256, 1741
-27, 256, 1969
-32, 259, 1969
-32, 259, 1969
-30, 259, 2153
-30, 259, 2153
-30, 259, 2274
-34, 267, 2274
-34, 267, 2274
-47, 275, 2426
-47, 275, 2426
-47, 275, 2519
-47, 268, 2519
-47, 268, 2519
-31, 266, 2594
-31, 266, 2594
-31, 266, 2766
-48, 258, 2766
-48, 258, 2766
-63, 268, 3018
-63, 268, 3018
-63, 268, 3148
-57, 275, 3148
-57, 275, 3148
-46, 276, 3244
-46, 276, 3244
-46, 276, 3400
-57, 276, 3400
-57, 276, 3400
-62, 274, 3572
-62, 274, 3572
-62, 274, 3693
-60, 277, 3693
-60, 277, 3693
-65, 274, 3879
-65, 274, 3879
-65, 274, 4032
-66, 281, 4032
-66, 281, 4032
-77, 268, 4255
-77, 268, 4255
-77, 268, 4332
-89, 259, 4332
-89, 259, 4332
-79, 274, 4389
-79, 274, 4389
-79, 274, 4487
-85, 265, 4487
-85, 265, 4487
-100, 258, 4608
-100, 258, 4608
-100, 258, 4807
-99, 264, 4807
-99, 264, 4807
-107, 269, 4982
-107, 269, 4982
-107, 269, 5113
-106, 274, 5113
-106, 274, 5113
-143, 277, 5267
-143, 277, 5267
-143, 283, 5274
-119, 283, 5274
-119, 283, 5274
-115, 278, 5345
-115, 278, 5345
-115, 272, 5550
-125, 272, 5550
-125, 272, 5550
-146, 265, 5786
-146, 265, 5786
-138, 269, 5956
-138, 269, 5956
-138, 269, 6122
-130, 283, 6122
-130, 283, 6122
-138, 282, 6288
-138, 282, 6288
-138, 282, 6465
-145, 282, 6465
-145, 282, 6465
-166, 266, 6518
-166, 266, 6518
-166, 266, 6566
-173, 280, 6566
-173, 280, 6566
-147, 280, 6433
-147, 280, 6433
-147, 281, 6251
-145, 281, 6251
-145, 281, 6251
-150, 288, 6060
-150, 288, 6060
-150, 270, 5908
-149, 270, 5908
-149, 270, 5908
-125, 270, 5740
-125, 270, 5740
-132, 259, 5683
-132, 259, 5683
-132, 259, 5685
-137, 258, 5685
-137, 258, 5685
-92, 282, 4537
-96, 281, 4537
-96, 281, 4537
-118, 293, 4577
-118, 293, 4577
-118, 293, 4696
-111, 298, 4696
-111, 298, 4696
-107, 299, 4615
-107, 299, 4615
-107, 299, 4449
-88, 282, 4449
-88, 282, 4449
-70, 278, 4335
-70, 278, 4335
-70, 278, 4318
-92, 260, 4318
-92, 260, 4318
-96, 262, 4339
-96, 262, 4339
-96, 262, 4265
-69, 265, 4265
-69, 265, 4265
-88, 277, 4327
-88, 277, 4327
-88, 277, 4418
-96, 275, 4418
-96, 275, 4418
-114, 272, 4426
-114, 272, 4426
-114, 254, 4488
-127, 254, 4488
-127, 254, 4488
-123, 269, 4470
-123, 269, 4470
-123, 271, 4501
-95, 271, 4501
-95, 271, 4501
-94, 274, 4616
-94, 274, 4616
-94, 273, 4797
-112, 273, 4797
-112, 273, 4797
-107, 267, 4869
-107, 267, 4869
-107, 263, 4888
-130, 263, 4888
-130, 263, 4888
-119, 269, 4912
-119, 269, 4912
-131, 271, 5039
-131, 271, 5039
-131, 271, 5267
-147, 274, 5267
-147, 274, 5267
-145, 275, 5439
-145, 275, 5439
-145, 275, 5565
-158, 287, 5565
-158, 287, 5565
-157, 277, 5606
-157, 277, 5606
-157, 295, 5600
-155, 295, 5600
-155, 295, 5600
-145, 294, 5577
-145, 294, 5577
-145, 286, 5563
-152, 286, 5563
-152, 286, 5563
-150, 285, 5565
-150, 285, 5565
-129, 286, 5510
-129, 286, 5510
-129, 286, 5562
-120, 288, 5562
-120, 288, 5562
-109, 280, 5580
-109, 280, 5580
-109, 280, 5506
-111, 277, 5506
-111, 277, 5506
-116, 272, 5446
-116, 272, 5446
-116, 272, 5395
-123, 282, 5395
-123, 282, 5395
-120, 277, 5331
-120, 277, 5331
-120, 263, 5319
-108, 263, 5319
-108, 263, 5319
-104, 280, 5314
-104, 280, 5314
-104, 292, 5267
-109, 292, 5267
-109, 292, 5267
-80, 289, 5166
-80, 289, 5166
-80, 274, 5025
-77, 274, 5025
-77, 274, 5025
-78, 284, 4904
-78, 284, 4904
-78, 282, 4817
-83, 282, 4817
-83, 282, 4817
-99, 283, 4747
-99, 283, 4747
-99, 281, 4615
-112, 281, 4615
-112, 281, 4615
-90, 289, 4500
-90, 289, 4500
-80, 277, 4514
-80, 277, 4514
-80, 277, 4514
-90, 272, 4487
-90, 272, 4487
-90, 278, 4420
-83, 278, 4420
-83, 278, 4420
-107, 269, 4380
-107, 269, 4380
-114, 270, 4356
-114, 270, 4356
-114, 270, 4356
-92, 265, 4372
-92, 265, 4372
-78, 274, 4419
-78, 274, 4419
-78, 274, 4471
-81, 280, 4471
-81, 280, 4471
-99, 277, 4519
-99, 277, 4519
-99, 277, 4521
-100, 292, 4521
-100, 292, 4521
-128, 300, 4689
-128, 300, 4689
-128, 300, 4793
-112, 301, 4793
-112, 301, 4793
-132, 299, 4874
-132, 299, 4874
-132, 299, 4906
-141, 304, 4906
-141, 304, 4906
-148, 298, 4982
-148, 298, 4982
-148, 297, 5058
-162, 297, 5058
-162, 297, 5058
-181, 312, 4964
-181, 312, 4964
-181, 294, 4877
-180, 294, 4877
-180, 294, 4877
-179, 286, 4769
-179, 286, 4769
-164, 284, 4642
-164, 284, 4642
-164, 284, 4501
-168, 287, 4501
-168, 287, 4501
-152, 288, 4404
-152, 288, 4404
-152, 288, 4395
-149, 296, 4395
-149, 296, 4395
-156, 295, 4261
-156, 295, 4261
-156, 292, 4130
-140, 292, 4130
-140, 292, 4130
-131, 284, 4060
-131, 284, 4060
-131, 277, 4022
-123, 277, 4022
-123, 277, 4022
-137, 283, 4065
-137, 283, 4065
-137, 283, 4131
-142, 283, 4131
-142, 283, 4131
-111, 272, 4208
-111, 272, 4208
-110, 269, 4235
-110, 269, 4235
-110, 269, 4241
-126, 288, 4241
-126, 288, 4241
-122, 292, 4317
-122, 292, 4317
-122, 292, 4391
-130, 281, 4391
-130, 281, 4391
-114, 282, 4429
-114, 282, 4429
-114, 278, 4504
-121, 278, 4504
-121, 278, 4504
-117, 272, 4576
-117, 272, 4576
-117, 272, 4632
-91, 272, 4632
-91, 272, 4632
-128, 276, 4712
-128, 276, 4712
-128, 279, 4786
-125, 279, 4786
-125, 279, 4786
-110, 274, 4801
-110, 274, 4801
-128, 286, 4798
-128, 286, 4798
-128, 286, 4764
-126, 292, 4764
-126, 292, 4764
-121, 289, 4650
-121, 289, 4650
-121, 289, 4488
-101, 293, 4488
-101, 293, 4488
-96, 285, 4419
-96, 285, 4419
-96, 282, 4439
-97, 282, 4439
-97, 282, 4439
-106, 279, 4505
-106, 279, 4505
-106, 272, 4487
-111, 272, 4487
-111, 272, 4487
-116, 270, 4425
-116, 273, 5371
-111, 263, 5371
-102, 264, 5346
-102, 264, 5346
-102, 264, 5262
-105, 267, 5262
-105, 267, 5262
-89, 263, 5255
-89, 263, 5255
-89, 263, 5391
-80, 265, 5391
-80, 265, 5391
-84, 271, 5475
-84, 271, 5475
-84, 271, 5478
-78, 265, 5478
-78, 265, 5478
-80, 257, 5477
-80, 257, 5477
-80, 257, 5524
-93, 261, 5524
-93, 261, 5524
-103, 267, 5666
-103, 267, 5666
-103, 267, 5757
-125, 267, 5757
-125, 267, 5757
-111, 272, 5746
-111, 272, 5746
-111, 281, 5613
-121, 281, 5613
-121, 281, 5613
-121, 274, 5503
-121, 274, 5503
-121, 277, 5550
-140, 277, 5550
-140, 277, 5550
-131, 279, 5641
-131, 279, 5641
-131, 279, 5745
-109, 279, 5745
-109, 279, 5745
-139, 288, 5809
-139, 288, 5809
-142, 280, 5786
-142, 280, 5786
-142, 280, 5730
-126, 277, 5730
-126, 277, 5730
-148, 280, 5657
-148, 280, 5657
-148, 280, 5547
-153, 278, 5547
-153, 278, 5547
-139, 296, 5450
-139, 296, 5450
-139, 272, 5454
-130, 272, 5454
-130, 272, 5454
-117, 269, 5521
-117, 269, 5521
-117, 267, 5556
-132, 267, 5556
-132, 267, 5556
-151, 264, 5540
-151, 264, 5540
-151, 272, 5492
-147, 272, 5492
-147, 272, 5492
-142, 279, 5489
-142, 279, 5489
-163, 273, 5548
-163, 273, 5548
-163, 273, 5612
-168, 293, 5612
-168, 293, 5612
-154, 288, 5676
-154, 288, 5676
-154, 288, 5739
-149, 288, 5739
-149, 288, 5739
-146, 290, 5737
-146, 290, 5737
-146, 281, 5695
-155, 281, 5695
-155, 281, 5695
-137, 279, 5661
-137, 279, 5661
-137, 278, 5613
-130, 278, 5613
-130, 278, 5613
-136, 282, 5507
-136, 282, 5507
-136, 270, 5318
-118, 270, 5318
-118, 270, 5318
-95, 262, 5251
-95, 262, 5251
-120, 269, 5278
-120, 269, 5278
-120, 269, 5278
-120, 286, 5306
-120, 286, 5306
-129, 274, 5267
-129, 274, 5267
-129, 274, 5121
-121, 285, 5121
-121, 285, 5121
-129, 288, 5074
-129, 288, 5074
-129, 288, 5102
-121, 281, 5102
-121, 281, 5102
-119, 274, 5152
-119, 274, 5152
-119, 256, 5158
-98, 256, 5158
-98, 256, 5158
-99, 258, 5123
-99, 258, 5123
-99, 266, 5126
-120, 266, 5126
-120, 266, 5126
-130, 273, 5109
-130, 273, 5109
-130, 276, 5099
-146, 276, 5099
-146, 276, 5099
-149, 287, 5143
-149, 287, 5143
-149, 278, 5155
-154, 278, 5155
-154, 278, 5155
-126, 280, 5172
-126, 280, 5172
-123, 269, 5233
-123, 269, 5233
-123, 269, 5330
-134, 281, 5330
-134, 281, 5330
-154, 282, 5401
-154, 282, 5401
-154, 282, 5320
-156, 278, 5320
-156, 278, 5320
-152, 296, 5265
-152, 296, 5265
-152, 281, 5257
-140, 281, 5257
-140, 281, 5257
-134, 261, 5134
-134, 261, 5134
-134, 267, 5063
-136, 267, 5063
-136, 267, 5063
-135, 279, 5039
-135, 279, 5039
-120, 284, 4972
-120, 284, 4972
-120, 284, 4889
-130, 289, 4889
-130, 289, 4889
-127, 281, 4869
-127, 281, 4869
-127, 281, 4929
-103, 272, 4929
-103, 272, 4929
-103, 281, 4985
-103, 281, 4985
-103, 281, 4943
-120, 289, 4943
-120, 289, 4943
-123, 286, 4868
-123, 286, 4868
-123, 272, 4842
-127, 272, 4842
-127, 272, 4842
-146, 278, 4840
-146, 278, 4840
-146, 282, 4854
-130, 282, 4854
-130, 282, 4854
-119, 279, 4838
-119, 279, 4838
-108, 274, 4725
-108, 274, 4725
-108, 274, 4584
-91, 273, 4584
-91, 273, 4584
-91, 270, 4448
-91, 270, 4448
-91, 270, 4337
-107, 263, 4337
-107, 263, 4337
-100, 271, 4170
-100, 271, 4170
-100, 271, 3999
-105, 281, 3999
-105, 281, 3999
-109, 280, 3884
-109, 280, 3884
-109, 275, 3712
-100, 275, 3712
-100, 275, 3712
-101, 270, 3553
-101, 270, 3553
-101, 267, 3421
-82, 267, 3421
-82, 267, 3421
-79, 253, 3180
-79, 253, 3180
-79, 271, 2919
-70, 271, 2919
-70, 271, 2919
-71, 277, 2737
-71, 277, 2737
-71, 275, 2703
-72, 275, 2703
-72, 275, 2703
-81, 274, 2751
-81, 274, 2751
-81, 268, 2716
-63, 268, 2716
-63, 268, 2716
-47, 272, 2689
-47, 272, 2689
-47, 286, 2699
-57, 286, 2699
-57, 286, 2699
-68, 274, 2742
-68, 274, 2742
-68, 273, 2776
-65, 273, 2776
-65, 273, 2776
-62, 268, 2837
-62, 268, 2837
-62, 279, 2873
-54,16
-449, 745, -1331
-449, 745, -1331
-449, 2233, -1349
1494, 2233, -1349
1494, 2233, -1304
3774, 2775, -1304
3774, 2775, -1304
4520, 2500, -1326
4520, 2500, -1326
4520, 1640, -1466
3062, 1640, -1466
3062, 1640, -1466
747, 442, -1562
747, 442, -1562
-1395, -569, -1604
-1395, -569, -1604
-1395, -1090, -1578
-2289, -1090, -1578
-2289, -1090, -1578
-2130, -1020, -1510
-2130, -1020, -1510
-1291, -507, -1412
-1291, -507, -1412
-199, 185, -1306
-199, 185, -1306
-199, 185, -1194
711, 824, -1194
711, 824, -1194
1580, 1110, -1044
1580, 1110, -1044
1580, 1092, -897
1806, 1092, -897
1806, 1092, -897
1302, 849, -757
1302, 849, -757
1302, 452, -602
683, 452, -602
683, 452, -602
19, 113, -449
19, 113, -449
19, -41, -327
-267, -41, -327
-267, -41, -327
-179, 36, -222
-179, 36, -222
-179, 242, -161
108, 242, -161
108, 242, -161
534, 447, -114
534, 447, -114
534, 447, -106
848, 584, -106
848, 584, -106
953, 616, -111
953, 616, -111
953, 616, -109
764, 518, -109
764, 518, -109
435, 361, -115
435, 361, -115
435, 361, -122
106, 227, -122
106, 227, -122
-65, 143, -130
-65, 143, -130
-65, 143, -125
-103, 146, -125
-103, 146, -125
-6, 223, -121
-6, 223, -121
-6, 223, -121
93, 297, -120
93, 297, -120
93, 319, -115
161, 319, -115
161, 319, -115
132, 311, -118
132, 311, -118
132, 259, -120
21, 259, -120
21, 259, -120
-50, 202, -111
-50, 202, -111
-50, 202, -111
-114, 179, -111
-114, 179, -111
-84, 181, -120
-84, 181, -120
-84, 181, -125
-48, 224, -125
-48, 224, -125
-6, 253, -121
-6, 253, -121
-6, 253, -119
41, 250, -119
41, 250, -119
41, 255, -108
50, 255, -108
50, 255, -108
55, 236, -115
55, 236, -115
55, 239, -111
80, 239, -111
80, 239, -111
101, 258, -124
101, 258, -124
101, 258, -116
153, 268, -116
153, 268, -116
172, 282, -114
172, 282, -114
172, 282, -115
189, 277, -115
189, 277, -115
160, 260, -119
160, 260, -119
160, 260, -123
132, 272, -123
132, 272, -123
86, 253, -144
86, 253, -144
86, 253, -144
55, 255, -150
55, 255, -150
55, 246, -137
39, 246, -137
39, 246, -137
9, 239, -145
9, 239, -145
9, 239, -137
-7, 244, -137
-7, 244, -137
0, 254, -134
0, 254, -134
0, 254, -134
47, 251, -133
47, 251, -133
47, 284, -131
85, 284, -131
85, 284, -131
145, 319, -133
145, 319, -133
145, 330, -133
196, 330, -133
196, 330, -133
202, 337, -133
202, 337, -133
202, 337, -141
158, 324, -141
158, 324, -141
103, 291, -143
103, 291, -143
103, 291, -146
53, 270, -146
53, 270, -146
24, 264, -137
24, 264, -137
24, 264, -141
35, 264, -141
35, 264, -141
35, 274, -144
50, 274, -144
50, 274, -144
63, 279, -142
63, 279, -142
63, 266, -142
45, 266, -142
45, 266, -142
41, 258, -140
41, 258, -140
41, 258, -155
16, 229, -155
16, 229, -155
11, 227, -151
11, 227, -151
11, 227, -138
49, 239, -138
49, 239, -138
49, 262, -136
88, 262, -136
88, 262, -136
120, 289, -138
120, 289, -138
120, 295, -150
117, 295, -150
117, 295, -150
85, 294, -147
85, 294, -147
85, 294, -141
29, 260, -141
29, 260, -141
-10, 229, -133
-10, 229, -133
-10, 229, -133
-42, 227, -133
-42, 227, -133
-25, 227, -117
-25, 227, -117
-25, 227, -132
-23, 242, -132
-23, 242, -132
3, 250, -125
3, 250, -125
3, 250, -125
12, 257, -131
12, 257, -131
12, 194, -128
359, 194, -128
359, 194, -128
1756, 129, -162
1756, 129, -162
1756, 612, -235
1501, 612, -235
1501, 612, -235
1273, 941, -139
1273, 941, -139
1273, 750, -75
1129, 750, -75
1129, 750, -75
549, 327, -120
549, 327, -120
549, 327, -115
86, 41, -115
86, 41, -115
-83, 64, -135
-83, 64, -135
-83, 64, -125
2, 281, -125
2, 281, -125
2, 414, -77
419, 414, -77
419, 414, -77
565, 488, -64
565, 488, -64
565, 488, -53
386, 454, -53
386, 454, -53
147, 315, -74
147, 315, -74
147, 315, -89
-112, 206, -89
-112, 206, -89
-150, 185, -93
-150, 185, -93
-150, 185, -93
-208, 241, -88
-208, 241, -88
39, 254, -118
35, 259, -118
35, 259, -118
35, 327, -118
48, 327, -118
48, 327, -118
65, 410, -101
65, 410, -101
65, 386, -102
67, 386, -102
67, 386, -102
51, 269, -101
51, 269, -101
51, 269, -108
24, 188, -108
24, 188, -108
30, 205, -102
30, 205, -102
30, 205, -110
51, 300, -110
51, 300, -110
51, 346, -111
51, 346, -111
51, 346, -111
50, 324, -113
50, 324, -113
50, 288, -113
45, 288, -113
45, 288, -113
72, 265, -94
72, 265, -94
72, 265, -72
70, 90, -72
70, 90, -72
70, -11, -78
52, -11, -78
52, -11, -78
42, 169, -94
42, 169, -94
42, 169, -89
50, 382, -89
50, 382, -89
56, 443, -85
56, 443, -85
56, 443, -85
43, 348, -94
43, 348, -94
43, 224, -84
31, 224, -84
31, 224, -84
34, 244, -139
34, 244, -139
34, 244, -233
53, 452, -233
53, 452, -233
53, 655, -220
80, 655, -220
80, 655, -220
107, 667, -154
107, 667, -154
107, 279, 63
148, 279, 63
148, 279, 63
-3, -80, 33
-3, -80, 33
-3, -80, -76
-45, -171, -76
-45, -171, -76
29, 110, -90
29, 110, -90
29, 110, -90
92, 446, -77
92, 446, -77
92, 533, -83
108, 533, -83
108, 533, -83
68, 340, -92
68, 340, -92
68, 340, -56
-20, 71, -56
-20, 71, -56
-20, 49, -23
-64, 49, -23
-64, 49, -23
-737, -2418, 55
-737, -2418, 55
-737, -2418, 25
-8123, -32768, 25
-8123, -32768, 25
-3548, -14406, -124
-3548, -14406, -124
-838, -3026, -9
-838, -3026, -9
-838, -3026, 21
-250, -617, 21
-250, -617, 21
-119, -141, -13
-119, -141, -13
-119, -141, 10
-63, -48, 10
-63, -48, 10
424, 1125, -89
424, 1125, -89
424, 1125, -89
174, 305, -104
174, 305, -104
174, -508, -112
-26, -508, -112
-26, -508, -112
-39, -154, -102
-39, -154, -102
-39, 486, -85
28, 486, -85
28, 486, -85
72, 717, -77
72, 717, -77
72, 717, -89
35, 424, -89
35, 424, -89
-5, 35, -106
-5, 35, -106
-5, 35, -106
1, -65, -106
1, -65, -106
1, 157, -101
22, 157, -101
22, 157, -101
61, 433, -90
61, 433, -90
61, 433, -93
69, 516, -93
69, 516, -93
69, 397, -89
56, 397, -89
56, 397, -89
37, 253, -94
37, 253, -94
37, 253, -82
30, 258, -82
30, 258, -82
49, 385, -80
49, 385, -80
49, 385, -80
74, 478, -88
74, 478, -88
74, 478, -85
65, 451, -85
65, 451, -85
51, 353, -80
51, 353, -80
51, 353, -80
29, 262, -80
29, 262, -80
29, 251, -89
13, 251, -89
13, 251, -89
7, 277, -99
7, 277, -99
7, 277, -99
18, 273, -106
18, 273, -106
18, 237, -101
22, 237, -101
22, 237, -101
22, 210, -98
22, 210, -98
22, 210, -103
27, 231, -103
27, 231, -103
31, 260, -96
31, 260, -96
31, 260, -96
26, 270, -88
26, 270, -88
26, 243, -85
42, 243, -85
42, 243, -85
37, 245, -79
37, 245, -79
37, 245, -82
37, 242, -82
37, 242, -82
37, 211, -90
42, 211, -90
42, 211, -90
51, 186, -88
51, 186, -88
51, 186, -81
41, 159, -81
41, 159, -81
51, 158, -80
51, 158, -80
51, 158, -80
69, 178, -71
69, 178, -71
69, 200, -65
76, 200, -65
76, 200, -65
79, 204, -62
79, 204, -62
79, 204, -62
104, 214, -68
104, 214, -68
104, 206, -70
127, 206, -70
127, 206, -70
122, 226, -70
122, 226, -70
122, 226, -71
74, 280, -71
74, 280, -71
47, 290, -67
47, 290, -67
47, 290, -67
50, 320, -60
50, 320, -60
50, 366, -64
46, 366, -64
46, 366, -64
49, 455, -78
49, 455, -78
49, 455, -91
56, 530, -91
56, 530, -91
56, 525, -88
49, 525, -88
49, 525, -88
30, 459, -82
30, 459, -82
30, 459, -85
19, 345, -85
19, 345, -85
18, 263, -72
18, 263, -72
18, 263, -72
17, 282, -72
17, 282, -72
17, 282, -66
24, 340, -66
24, 340, -66
20, 348, -59
20, 348, -59
20, 348, -59
19, 301, -71
19, 301, -71
19, 260, -82
17, 260, -82
17, 260, -82
15, 249, -75
15, 249, -75
15, 249, -79
21, 273, -79
21, 273, -79
21, 274, -64
33, 274, -64
33, 274, -64
26, 266, -70
26, 266, -70
26, 266, -63
26, 252, -63
26, 252, -63
11, 259, -67
11, 259, -67
11, 259, -67
16, 271, -76
16, 271, -76
16, 271, -72
21, 278, -72
21, 278, -72
16, 257, -74
16, 257, -74
16, 257, -74
16, 499, -51
16, 499, -51
16, 499, -51
35, 570, -37
35, 570, -37
35, 668, -18
66, 668, -18
66, 668, -18
60, 652, -14
60, 652, -14
60, 652, -21
62, 622, -21
62, 622, -21
62, 681, -8
81, 681, -8
81, 681, -8
58, 730, 18
58, 730, 18
58, 730, 46
15, 664, 46
15, 664, 46
15, 568, 107
0, 568, 107
0, 568, 107
2, 508, 255
2, 508, 255
2, 508, 516
5, 476, 516
5, 476, 516
5, 420, 894
-8, 420, 894
-8, 420, 894
5, 371, 1279
5, 371, 1279
5, 371, 1629
31, 332, 1629
31, 332, 1629
35, 308, 1928
35, 308, 1928
35, 308, 2210
44, 310, 2210
44, 310, 2210
34, 296, 2532
34, 296, 2532
34, 296, 3019
39, 285, 3019
39, 285, 3019
53, 276, 3578
53, 276, 3578
53, 276, 3578
71, 266, 4088
71, 266, 4088
71, 256, 4485
94, 256, 4485
94, 256, 4485
99, 254, 4844
99, 254, 4844
99, 247, 5359
121, 247, 5359
121, 247, 5359
119, 253, 5961
119, 253, 5961
119, 243, 6594
143, 243, 6594
143, 243, 6594
150, 231, 7202
150, 231, 7202
150, 235, 7636
165, 235, 7636
165, 235, 7636
173, 231, 8031
173, 231, 8031
173, 224, 8471
183, 224, 8471
183, 224, 8471
198, 221, 8990
198, 221, 8990
198, 215, 9448
197, 215, 9448
197, 215, 9448
212, 205, 9794
212, 205, 9794
212, 221, 10037
219, 221, 10037
219, 221, 10037
231, 217, 10180
231, 217, 10180
213, 198, 10189
213, 198, 10189
213, 198, 10175
208, 196, 10175
208, 196, 10175
212, 216, 10184
212, 216, 10184
212, 216, 10187
203, 205, 10187
203, 205, 10187
208, 202, 10186
208, 202, 10186
208, 202, 10242
214, 202, 10242
214, 202, 10242
207, 197, 10236
207, 197, 10236
207, 206, 10273
212, 206, 10273
212, 206, 10273
230, 213, 10336
230, 213, 10336
226, 215, 10349
226, 215, 10349
226, 215, 10395
204, 225, 10395
204, 225, 10395
213, 224, 10475
213, 224, 10475
213, 220, 10457
222, 220, 10457
222, 220, 10457
214, 214, 10409
214, 214, 10409
214, 205, 10198
215, 205, 10198
215, 205, 10198
216, 212, 9959
216, 212, 9959
195, 216, 9713
195, 216, 9713
195, 216, 9713
206, 209, 9446
206, 209, 9446
202, 209, 9229
202, 209, 9229
202, 209, 9045
197, 218, 9045
197, 218, 9045
193, 226, 8847
193, 226, 8847
193, 226, 8707
180, 214, 8707
180, 214, 8707
173, 210, 8455
173, 210, 8455
173, 210, 8185
173, 216, 8185
173, 216, 8185
166, 208, 7897
166, 208, 7897
166, 208, 7611
161, 209, 7611
161, 209, 7611
182, 221, 7303
182, 221, 7303
182, 221, 7015
170, 216, 7015
170, 216, 7015
164, 214, 6756
164, 214, 6756
164, 214, 6614
168, 220, 6614
168, 220, 6614
164, 212, 6414
164, 212, 6414
164, 212, 6216
156, 198, 6216
156, 198, 6216
158, 214, 6055
158, 214, 6055
158, 214, 5897
149, 213, 5897
149, 213, 5897
158, 209, 5617
158, 209, 5617
158, 209, 5352
156, 211, 5352
156, 211, 5352
143, 214, 5063
143, 214, 5063
143, 214, 4865
136, 223, 4865
136, 223, 4865
142, 219, 4733
142, 219, 4733
142, 219, 4651
131, 224, 4651
131, 224, 4651
130, 217, 4589
130, 217, 4589
130, 217, 4539
135, 217, 4539
135, 217, 4539
141, 228, 4414
141, 228, 4414
141, 232, 4313
126, 232, 4313
126, 232, 4313
125, 232, 4282
125, 232, 4282
125, 218, 4212
132, 218, 4212
132, 218, 4212
126, 219, 4152
126, 219, 4152
126, 215, 4128
126, 215, 4128
126, 215, 4128
118, 225, 4088
118, 225, 4088
118, 219, 4124
113, 219, 4124
113, 219, 4124
114, 222, 4136
114, 222, 4136
114, 235, 4181
126, 235, 4181
126, 235, 4181
128, 232, 4196
128, 232, 4196
128, 229, 4208
128, 229, 4208
128, 229, 4208
122, 233, 4221
122, 233, 4221
122, 230, 4255
121, 230, 4255
121, 230, 4255
136, 238, 4255
136, 238, 4255
136, 233, 4250
120, 233, 4250
120, 233, 4250
124, 221, 4234
124, 221, 4234
124, 217, 4213
121, 217, 4213
121, 217, 4213
125, 214, 4211
125, 214, 4211
125, 217, 4240
130, 217, 4240
130, 217, 4240
129, 220, 4221
129, 220, 4221
129, 219, 4106
112, 219, 4106
112, 219, 4106
111, 237, 4038
111, 237, 4038
111, 234, 3980
108, 234, 3980
108, 234, 3980
108, 235, 4303
108, 235, 4303
101, 233, 4308
101, 233, 4308
101, 233, 4286
100, 229, 4286
100, 229, 4286
100, 228, 4300
100, 228, 4300
100, 228, 4313
106, 233, 4313
106, 233, 4313
107, 225, 4437
107, 225, 4437
107, 225, 4499
115, 224, 4499
115, 224, 4499
110, 228, 4580
110, 228, 4580
110, 228, 4732
112, 219, 4732
112, 219, 4732
109, 222, 4819
109, 222, 4819
109, 222, 4934
100, 238, 4934
100, 238, 4934
114, 216, 5047
114, 216, 5047
114, 216, 5235
123, 214, 5235
123, 214, 5235
131, 237, 5597
131, 237, 5597
131, 237, 5881
129, 226, 5881
129, 226, 5881
147, 213, 6084
147, 213, 6084
147, 213, 6356
150, 224, 6356
150, 224, 6356
151, 215, 6613
151, 215, 6613
151, 215, 6782
164, 212, 6782
164, 212, 6782
152, 207, 6851
152, 207, 6851
152, 198, 6809
165, 198, 6809
165, 198, 6809
166, 207, 6716
166, 207, 6716
166, 216, 6568
166, 216, 6568
166, 216, 6568
150, 218, 6341
150, 218, 6341
150, 217, 6133
143, 217, 6133
143, 217, 6133
150, 220, 5942
150, 220, 5942
150, 213, 5732
153, 213, 5732
153, 213, 5732
143, 217, 5511
143, 217, 5511
143, 216, 5317
137, 216, 5317
137, 216, 5317
140, 216, 5178
140, 216, 5178
140, 224, 5056
129, 224, 5056
129, 224, 5056
127, 236, 5071
127, 236, 5071
127, 251, 5157
122, 251, 5157
122, 251, 5157
120, 250, 5185
120, 250, 5185
120, 244, 5178
124, 244, 5178
124, 244, 5178
114, 253, 5122
114, 253, 5122
114, 255, 5051
97, 255, 5051
97, 255, 5051
85, 259, 4937
85, 259, 4937
85, 256, 4780
92, 256, 4780
92, 256, 4780
92, 252, 4658
92, 252, 4658
92, 252, 4581
97, 230, 4581
97, 230, 4581
98, 232, 4540
98, 232, 4540
98, 232, 4499
101, 240, 4499
101, 240, 4499
96, 245, 4453
96, 245, 4453
96, 245, 4438
105, 241, 4438
105, 241, 4438
99, 241, 4367
99, 241, 4367
99, 241, 4367
105, 234, 4288
105, 234, 4288
111, 228, 4203
111, 228, 4203
111, 228, 4203
116, 229, 4194
116, 229, 4194
115, 237, 4216
115, 237, 4216
115, 237, 4207
100, 226, 4207
100, 226, 4207
100, 227, 4207
100, 227, 4207
100, 227, 4250
96, 229, 4250
96, 229, 4250
108, 234, 4261
108, 234, 4261
108, 234, 4261
116, 226, 4201
116, 226, 4201
111, 233, 4105
111, 233, 4105
111, 233, 4003
111, 235, 4003
111, 235, 4003
95, 239, 3921
95, 239, 3921
95, 239, 3921
89, 233, 3890
89, 233, 3890
89, 233, 3804
92, 233, 3804
92, 233, 3804
93, 233, 3746
93, 233, 3746
93, 247, 3797
88, 247, 3797
88, 247, 3797
90, 242, 3860
90, 242, 3860
90, 236, 3958
99, 236, 3958
99, 236, 3958
89, 239, 4052
89, 239, 4052
89, 239, 4136
87, 244, 4136
87, 244, 4136
78, 235, 4136
78, 235, 4136
78, 235, 4098
67, 242, 4098
67, 242, 4098
74, 239, 4003
74, 239, 4003
74, 239, 4003
71, 254, 3861
71, 254, 3861
71, 242, 3754
75, 242, 3754
75, 242, 3754
62, 236, 3628
62, 236, 3628
62, 241, 3479
62, 241, 3479
62, 241, 3479
66, 235, 3291
66, 235, 3291
66, 235, 3115
54, 246, 3115
54, 246, 3115
60, 233, 3058
60, 233, 3058
60, 233, 2949
63, 227, 2949
63, 227, 2949
64, 241, 2843
64, 241, 2843
64, 241, 2843
63, 247, 2817
63, 247, 2817
63, 231, 2799
67, 231, 2799
67, 231, 2799
74, 226, 2794
74, 226, 2794
74, 232, 2846
77, 232, 2846
77, 232, 2846
73, 232, 2901
73, 232, 2901
73, 226, 2955
67, 226, 2955
67, 226, 2955
67, 231, 3017
67, 231, 3017
67, 231, 3121
59, 242, 3121
59, 242, 3121
69, 233, 3197
69, 233, 3197
69, 233, 3258
65, 233, 3258
65, 233, 3258
70, 230, 3358
70, 230, 3358
70, 230, 3358
79, 233, 3445
79, 233, 3445
79, 235, 3487
65, 235, 3487
65, 235, 3487
71, 224, 3482
71, 224, 3482
71, 215, 3448
77, 215, 3448
77, 215, 3448
79, 223, 3446
79, 223, 3446
79, 223, 3403
89, 228, 3403
89, 228, 3403
84, 235, 3350
84, 235, 3350
84, 235, 3311
90, 237, 3311
90, 237, 3311
89, 250, 3302
89, 250, 3302
89, 250, 3291
75, 245, 3291
75, 245, 3291
75, 223, 3274
89, 223, 3274
89, 223, 3274
83, 224, 3309
83, 224, 3309
83, 224, 3378
81, 224, 3378
38, 247, 2193
40, 254, 2196
40, 254, 2196
40, 254, 2213
35, 247, 2213
35, 247, 2213
37, 248, 2228
37, 248, 2228
37, 248, 2260
39, 248, 2260
39, 248, 2260
32, 239, 2271
32, 239, 2271
32, 239, 2305
36, 235, 2305
36, 235, 2305
36, 234, 2384
40, 234, 2384
40, 234, 2384
24, 249, 2439
24, 249, 2439
24, 239, 2487
47, 239, 2487
47, 239, 2487
55, 248, 2576
55, 248, 2576
55, 237, 2686
69, 237, 2686
69, 237, 2686
54, 235, 2754
54, 235, 2754
54, 235, 2805
55, 237, 2805
55, 237, 2805
66, 226, 2944
66, 226, 2944
66, 226, 3085
71, 240, 3085
71, 240, 3085
72, 239, 3168
72, 239, 3168
72, 239, 3168
87, 236, 3221
87, 236, 3221
87, 234, 3271
78, 234, 3271
78, 234, 3271
69, 234, 3371
69, 234, 3371
69, 231, 3419
65, 231, 3419
65, 231, 3419
69, 242, 3429
69, 242, 3429
69, 242, 3409
56, 240, 3409
56, 240, 3409
57, 229, 3462
57, 229, 3462
57, 229, 3502
63, 237, 3502
63, 237, 3502
76, 247, 3555
76, 247, 3555
76, 247, 3636
73, 243, 3636
73, 243, 3636
86, 235, 3727
86, 235, 3727
86, 235, 3727
82, 228, 3767
82, 228, 3767
82, 227, 3798
87, 227, 3798
87, 227, 3798
88, 243, 3788
88, 243, 3788
88, 241, 3800
82, 241, 3800
82, 241, 3800
92, 224, 3847
92, 224, 3847
92, 224, 3844
90, 216, 3844
90, 216, 3844
76, 244, 3824
76, 244, 3824
76, 244, 3809
75, 244, 3809
75, 244, 3809
82, 235, 3836
82, 235, 3836
82, 235, 3836
90, 234, 3858
90, 234, 3858
90, 239, 3816
103, 239, 3816
103, 239, 3816
99, 244, 3785
99, 244, 3785
99, 254, 3809
95, 254, 3809
95, 254, 3809
90, 245, 3809
90, 245, 3809
90, 244, 3739
74, 244, 3739